"","X","observation","datetime","variable","site_id"
"1",1813,28.6516,"2018-07-06","temperature","FCR"
"2",1814,29.118,"2018-07-07","temperature","FCR"
"3",1815,27.7434,"2018-07-08","temperature","FCR"
"4",1816,26.7095,"2018-07-09","temperature","FCR"
"5",1817,26.1023,"2018-07-10","temperature","FCR"
"6",1818,26.4273,"2018-07-11","temperature","FCR"
"7",1819,26.9588,"2018-07-12","temperature","FCR"
"8",1820,27.9322,"2018-07-13","temperature","FCR"
"9",1821,28.3155,"2018-07-14","temperature","FCR"
"10",1822,27.6023,"2018-07-15","temperature","FCR"
"11",1823,27.5068,"2018-07-16","temperature","FCR"
"12",1824,27.9442,"2018-07-17","temperature","FCR"
"13",1825,28.034,"2018-07-18","temperature","FCR"
"14",1826,28.6548,"2018-07-19","temperature","FCR"
"15",1827,27.8099,"2018-07-20","temperature","FCR"
"16",1828,27.1791,"2018-07-21","temperature","FCR"
"17",1829,26.7791,"2018-07-22","temperature","FCR"
"18",1830,26.106,"2018-07-23","temperature","FCR"
"19",1831,25.3905,"2018-07-24","temperature","FCR"
"20",1832,25.3921,"2018-07-25","temperature","FCR"
"21",1833,25.5227,"2018-07-26","temperature","FCR"
"22",1834,25.0101,"2018-07-27","temperature","FCR"
"23",1835,25.9311,"2018-07-28","temperature","FCR"
"24",1836,26.3814,"2018-07-29","temperature","FCR"
"25",1837,26.0645,"2018-07-30","temperature","FCR"
"26",1838,26.6836,"2018-07-31","temperature","FCR"
"27",1839,25.5487,"2018-08-01","temperature","FCR"
"28",1840,25.9315,"2018-08-02","temperature","FCR"
"29",1841,25.4214,"2018-08-03","temperature","FCR"
"30",1842,24.8117,"2018-08-04","temperature","FCR"
"31",1843,24.6646,"2018-08-05","temperature","FCR"
"32",1844,25.3619,"2018-08-06","temperature","FCR"
"33",1845,25.8529,"2018-08-07","temperature","FCR"
"34",1846,27.2262,"2018-08-08","temperature","FCR"
"35",1847,26.5976,"2018-08-09","temperature","FCR"
"36",1848,27.1464,"2018-08-10","temperature","FCR"
"37",1849,26.3868,"2018-08-11","temperature","FCR"
"38",1850,27.1399,"2018-08-12","temperature","FCR"
"39",1851,26.8611,"2018-08-13","temperature","FCR"
"40",1852,26.4941,"2018-08-14","temperature","FCR"
"41",1853,24.8893,"2018-08-25","temperature","FCR"
"42",1854,24.5686,"2018-08-26","temperature","FCR"
"43",1855,24.8111,"2018-08-28","temperature","FCR"
"44",1856,25.1918,"2018-08-29","temperature","FCR"
"45",1857,25.7095,"2018-08-30","temperature","FCR"
"46",1858,26.0261,"2018-08-31","temperature","FCR"
"47",1859,26.529,"2018-09-01","temperature","FCR"
"48",1860,26.3418,"2018-09-02","temperature","FCR"
"49",1861,26.0156,"2018-09-03","temperature","FCR"
"50",1862,26.6344,"2018-09-04","temperature","FCR"
"51",1863,26.5924,"2018-09-05","temperature","FCR"
"52",1864,26.9714,"2018-09-06","temperature","FCR"
"53",1865,26.8549,"2018-09-07","temperature","FCR"
"54",1866,27.8581,"2018-09-08","temperature","FCR"
"55",1867,26.7994,"2018-09-09","temperature","FCR"
"56",1868,24.9483,"2018-09-10","temperature","FCR"
"57",1869,23.9052,"2018-09-11","temperature","FCR"
"58",1870,23.7628,"2018-09-12","temperature","FCR"
"59",1871,23.8732,"2018-09-13","temperature","FCR"
"60",1872,24.9077,"2018-09-14","temperature","FCR"
"61",1873,24.685,"2018-09-15","temperature","FCR"
"62",1874,24.0783,"2018-09-16","temperature","FCR"
"63",1875,23.1952,"2018-09-17","temperature","FCR"
"64",1876,22.9231,"2018-09-18","temperature","FCR"
"65",1877,23.5255,"2018-09-19","temperature","FCR"
"66",1878,23.2477,"2018-09-20","temperature","FCR"
"67",1879,23.9557,"2018-09-21","temperature","FCR"
"68",1880,24.5085,"2018-09-22","temperature","FCR"
"69",1881,24.6394,"2018-09-23","temperature","FCR"
"70",1882,22.8743,"2018-09-24","temperature","FCR"
"71",1883,21.5645,"2018-09-26","temperature","FCR"
"72",1884,21.7749,"2018-09-27","temperature","FCR"
"73",1885,21.5814,"2018-09-28","temperature","FCR"
"74",1886,21.3672,"2018-09-29","temperature","FCR"
"75",1887,21.6289,"2018-09-30","temperature","FCR"
"76",1888,20.8638,"2018-10-01","temperature","FCR"
"77",1889,21.5123,"2018-10-02","temperature","FCR"
"78",1890,21.772,"2018-10-03","temperature","FCR"
"79",1891,21.6388,"2018-10-04","temperature","FCR"
"80",1892,21.9788,"2018-10-05","temperature","FCR"
"81",1893,22.2076,"2018-10-06","temperature","FCR"
"82",1894,22.5546,"2018-10-07","temperature","FCR"
"83",1895,22.406,"2018-10-08","temperature","FCR"
"84",1896,23.0509,"2018-10-09","temperature","FCR"
"85",1897,23.1622,"2018-10-10","temperature","FCR"
"86",1898,22.4994,"2018-10-11","temperature","FCR"
"87",1899,21.5952,"2018-10-12","temperature","FCR"
"88",1900,19.6095,"2018-10-13","temperature","FCR"
"89",1901,18.6401,"2018-10-14","temperature","FCR"
"90",1902,17.5144,"2018-10-15","temperature","FCR"
"91",1903,17.5933,"2018-10-16","temperature","FCR"
"92",1904,17.2817,"2018-10-17","temperature","FCR"
"93",1905,17.0342,"2018-10-18","temperature","FCR"
"94",1906,16.8745,"2018-10-19","temperature","FCR"
"95",1907,16.1832,"2018-10-20","temperature","FCR"
"96",1908,15.8855,"2018-10-21","temperature","FCR"
"97",1909,15.1648,"2018-10-22","temperature","FCR"
"98",1910,14.3141,"2018-10-23","temperature","FCR"
"99",1911,13.9581,"2018-10-24","temperature","FCR"
"100",1912,14.0958,"2018-10-25","temperature","FCR"
"101",1913,13.3332,"2018-10-26","temperature","FCR"
"102",1914,12.8181,"2018-10-27","temperature","FCR"
"103",1915,12.6003,"2018-10-28","temperature","FCR"
"104",1916,12.3457,"2018-10-29","temperature","FCR"
"105",1917,12.6474,"2018-10-30","temperature","FCR"
"106",1918,12.2096,"2018-10-31","temperature","FCR"
"107",1919,12.8991,"2018-11-01","temperature","FCR"
"108",1920,12.7759,"2018-11-02","temperature","FCR"
"109",1921,13.2305,"2018-11-03","temperature","FCR"
"110",1922,12.8169,"2018-11-04","temperature","FCR"
"111",1923,12.2164,"2018-11-05","temperature","FCR"
"112",1924,12.637,"2018-11-06","temperature","FCR"
"113",1925,12.7056,"2018-11-07","temperature","FCR"
"114",1926,13.0887,"2018-11-08","temperature","FCR"
"115",1927,12.507,"2018-11-09","temperature","FCR"
"116",1928,12.0374,"2018-11-10","temperature","FCR"
"117",1929,11.529,"2018-11-11","temperature","FCR"
"118",1930,10.5646,"2018-11-12","temperature","FCR"
"119",1931,10.0157,"2018-11-13","temperature","FCR"
"120",1932,9.7177,"2018-11-14","temperature","FCR"
"121",1933,9.3456,"2018-11-15","temperature","FCR"
"122",1934,8.7464,"2018-11-16","temperature","FCR"
"123",1935,8.3617,"2018-11-17","temperature","FCR"
"124",1936,8.7654,"2018-11-18","temperature","FCR"
"125",1937,8.0114,"2018-11-19","temperature","FCR"
"126",1938,8.6189,"2018-11-20","temperature","FCR"
"127",1939,8.9559,"2018-11-21","temperature","FCR"
"128",1940,8.4178,"2018-11-22","temperature","FCR"
"129",1941,8.1496,"2018-11-23","temperature","FCR"
"130",1942,7.4933,"2018-11-24","temperature","FCR"
"131",1943,7.2355,"2018-11-25","temperature","FCR"
"132",1944,7.1653,"2018-11-26","temperature","FCR"
"133",1945,7.0765,"2018-11-27","temperature","FCR"
"134",1946,6.6817,"2018-11-28","temperature","FCR"
"135",1947,5.8403,"2018-11-29","temperature","FCR"
"136",1948,5.5573,"2018-11-30","temperature","FCR"
"137",1949,5.9642,"2018-12-01","temperature","FCR"
"138",1950,5.9125,"2018-12-02","temperature","FCR"
"139",1951,5.845,"2018-12-03","temperature","FCR"
"140",1952,6.0808,"2018-12-04","temperature","FCR"
"141",1953,5.9464,"2018-12-05","temperature","FCR"
"142",1954,5.6943,"2018-12-06","temperature","FCR"
"143",1955,5.4438,"2018-12-07","temperature","FCR"
"144",1956,5.2296,"2018-12-08","temperature","FCR"
"145",1957,5.0675,"2018-12-09","temperature","FCR"
"146",1958,4.0973,"2018-12-10","temperature","FCR"
"147",1959,3.709,"2018-12-11","temperature","FCR"
"148",1960,3.4596,"2018-12-12","temperature","FCR"
"149",1961,3.2917,"2018-12-13","temperature","FCR"
"150",1962,3.2519,"2018-12-14","temperature","FCR"
"151",1963,3.4064,"2018-12-15","temperature","FCR"
"152",1964,3.9089,"2018-12-16","temperature","FCR"
"153",1965,4.3817,"2018-12-17","temperature","FCR"
"154",1966,4.9517,"2018-12-18","temperature","FCR"
"155",1967,4.8956,"2018-12-19","temperature","FCR"
"156",1968,4.6614,"2018-12-20","temperature","FCR"
"157",1969,4.9175,"2018-12-21","temperature","FCR"
"158",1970,5.5161,"2018-12-22","temperature","FCR"
"159",1971,5.5527,"2018-12-23","temperature","FCR"
"160",1972,5.3085,"2018-12-24","temperature","FCR"
"161",1973,5.2948,"2018-12-25","temperature","FCR"
"162",1974,5.2532,"2018-12-26","temperature","FCR"
"163",1975,4.9807,"2018-12-27","temperature","FCR"
"164",1976,4.892,"2018-12-28","temperature","FCR"
"165",1977,5.186,"2018-12-29","temperature","FCR"
"166",1978,5.9564,"2018-12-30","temperature","FCR"
"167",1979,6.0394,"2018-12-31","temperature","FCR"
"168",1980,5.8212,"2019-01-01","temperature","FCR"
"169",1981,6.8263,"2019-01-02","temperature","FCR"
"170",1982,6.4062,"2019-01-03","temperature","FCR"
"171",1983,6.5605,"2019-01-04","temperature","FCR"
"172",1984,6.3067,"2019-01-05","temperature","FCR"
"173",1985,6.4499,"2019-01-06","temperature","FCR"
"174",1986,6.296,"2019-01-07","temperature","FCR"
"175",1987,6.0275,"2019-01-08","temperature","FCR"
"176",1988,6.0756,"2019-01-09","temperature","FCR"
"177",1989,6.0994,"2019-01-10","temperature","FCR"
"178",1990,5.2886,"2019-01-11","temperature","FCR"
"179",1991,4.5455,"2019-01-12","temperature","FCR"
"180",1992,4.1734,"2019-01-13","temperature","FCR"
"181",1993,3.5733,"2019-01-14","temperature","FCR"
"182",1994,3.5804,"2019-01-15","temperature","FCR"
"183",1995,3.508,"2019-01-16","temperature","FCR"
"184",1996,3.446,"2019-01-17","temperature","FCR"
"185",1997,3.4372,"2019-01-18","temperature","FCR"
"186",1998,3.4818,"2019-01-19","temperature","FCR"
"187",1999,3.5062,"2019-01-20","temperature","FCR"
"188",2000,3.5819,"2019-01-21","temperature","FCR"
"189",2001,2.1031,"2019-01-22","temperature","FCR"
"190",2002,2.2676,"2019-01-23","temperature","FCR"
"191",2003,2.5076,"2019-01-24","temperature","FCR"
"192",2004,2.9967,"2019-01-25","temperature","FCR"
"193",2005,2.9974,"2019-01-26","temperature","FCR"
"194",2006,2.8409,"2019-01-27","temperature","FCR"
"195",2007,2.8033,"2019-01-28","temperature","FCR"
"196",2008,3.2948,"2019-01-29","temperature","FCR"
"197",2009,3.2392,"2019-01-30","temperature","FCR"
"198",2010,2.8431,"2019-01-31","temperature","FCR"
"199",2011,2.8333,"2019-02-01","temperature","FCR"
"200",2012,2.8515,"2019-02-02","temperature","FCR"
"201",2013,3.3102,"2019-02-03","temperature","FCR"
"202",2014,3.603,"2019-02-04","temperature","FCR"
"203",2015,3.8525,"2019-02-05","temperature","FCR"
"204",2016,5.3561,"2019-02-06","temperature","FCR"
"205",2017,4.9637,"2019-02-07","temperature","FCR"
"206",2018,5.6333,"2019-02-08","temperature","FCR"
"207",2019,5.8299,"2019-02-09","temperature","FCR"
"208",2020,5.5817,"2019-02-10","temperature","FCR"
"209",2021,5.0796,"2019-02-11","temperature","FCR"
"210",2022,4.9521,"2019-02-12","temperature","FCR"
"211",2023,4.8385,"2019-02-13","temperature","FCR"
"212",2024,4.851,"2019-02-14","temperature","FCR"
"213",2025,4.8678,"2019-02-15","temperature","FCR"
"214",2026,5.0126,"2019-02-16","temperature","FCR"
"215",2027,5.537,"2019-02-17","temperature","FCR"
"216",2028,5.1953,"2019-02-18","temperature","FCR"
"217",2029,5.2645,"2019-02-19","temperature","FCR"
"218",2030,5.3006,"2019-02-20","temperature","FCR"
"219",2031,4.6739,"2019-02-21","temperature","FCR"
"220",2032,5.3249,"2019-02-22","temperature","FCR"
"221",2033,5.1014,"2019-02-23","temperature","FCR"
"222",2034,5.1906,"2019-02-24","temperature","FCR"
"223",2035,5.195,"2019-02-25","temperature","FCR"
"224",2036,5.9016,"2019-02-26","temperature","FCR"
"225",2037,5.7673,"2019-02-27","temperature","FCR"
"226",2038,5.8332,"2019-02-28","temperature","FCR"
"227",2039,6.1309,"2019-03-01","temperature","FCR"
"228",2040,6.5182,"2019-03-02","temperature","FCR"
"229",2041,7.3886,"2019-03-03","temperature","FCR"
"230",2042,6.6252,"2019-03-04","temperature","FCR"
"231",2043,6.5899,"2019-03-05","temperature","FCR"
"232",2044,6.0181,"2019-03-06","temperature","FCR"
"233",2045,5.7756,"2019-03-07","temperature","FCR"
"234",2046,5.8512,"2019-03-08","temperature","FCR"
"235",2047,5.4416,"2019-03-09","temperature","FCR"
"236",2048,5.2333,"2019-03-10","temperature","FCR"
"237",2049,5.2598,"2019-03-11","temperature","FCR"
"238",2050,6.3775,"2019-03-12","temperature","FCR"
"239",2051,6.8462,"2019-03-13","temperature","FCR"
"240",2052,6.51,"2019-03-14","temperature","FCR"
"241",2053,7.2502,"2019-03-15","temperature","FCR"
"242",2054,8.1349,"2019-03-16","temperature","FCR"
"243",2055,8.7298,"2019-03-17","temperature","FCR"
"244",2056,8.1943,"2019-03-18","temperature","FCR"
"245",2057,8.808,"2019-03-19","temperature","FCR"
"246",2058,9.1249,"2019-03-20","temperature","FCR"
"247",2059,8.6027,"2019-03-21","temperature","FCR"
"248",2060,9.0889,"2019-03-22","temperature","FCR"
"249",2061,8.9459,"2019-03-23","temperature","FCR"
"250",2062,9.4846,"2019-03-24","temperature","FCR"
"251",2063,8.6781,"2019-03-25","temperature","FCR"
"252",2064,9.7802,"2019-03-26","temperature","FCR"
"253",2065,9.9944,"2019-03-27","temperature","FCR"
"254",2066,9.266,"2019-03-28","temperature","FCR"
"255",2067,9.5816,"2019-03-29","temperature","FCR"
"256",2068,10.4751,"2019-03-30","temperature","FCR"
"257",2069,11.3575,"2019-03-31","temperature","FCR"
"258",2070,12.6424,"2019-04-01","temperature","FCR"
"259",2071,11.0181,"2019-04-02","temperature","FCR"
"260",2072,10.3258,"2019-04-03","temperature","FCR"
"261",2073,10.4982,"2019-04-04","temperature","FCR"
"262",2074,11.5966,"2019-04-05","temperature","FCR"
"263",2075,12.1328,"2019-04-06","temperature","FCR"
"264",2076,12.3048,"2019-04-07","temperature","FCR"
"265",2077,12.663,"2019-04-08","temperature","FCR"
"266",2078,14.4084,"2019-04-09","temperature","FCR"
"267",2079,14.1422,"2019-04-10","temperature","FCR"
"268",2080,14.9796,"2019-04-11","temperature","FCR"
"269",2081,15.3869,"2019-04-12","temperature","FCR"
"270",2082,14.9823,"2019-04-13","temperature","FCR"
"271",2083,15.1301,"2019-04-14","temperature","FCR"
"272",2084,14.6248,"2019-04-15","temperature","FCR"
"273",2085,14.8369,"2019-04-16","temperature","FCR"
"274",2086,13.4638,"2019-04-17","temperature","FCR"
"275",2087,14.8796,"2019-04-18","temperature","FCR"
"276",2088,15.5528,"2019-04-19","temperature","FCR"
"277",2089,15.8154,"2019-04-20","temperature","FCR"
"278",2090,15.27,"2019-04-21","temperature","FCR"
"279",2091,15.788,"2019-04-22","temperature","FCR"
"280",2092,14.9744,"2019-04-23","temperature","FCR"
"281",2093,17.0501,"2019-04-24","temperature","FCR"
"282",2094,15.5628,"2019-04-25","temperature","FCR"
"283",2095,16.7992,"2019-04-26","temperature","FCR"
"284",2096,16.8352,"2019-04-27","temperature","FCR"
"285",2097,16.7426,"2019-04-28","temperature","FCR"
"286",2098,18.2223,"2019-04-29","temperature","FCR"
"287",2099,16.2605,"2019-04-30","temperature","FCR"
"288",2100,17.2093,"2019-05-01","temperature","FCR"
"289",2101,18.8571,"2019-05-02","temperature","FCR"
"290",2102,20.7334,"2019-05-03","temperature","FCR"
"291",2103,20.7543,"2019-05-04","temperature","FCR"
"292",2104,20.8108,"2019-05-05","temperature","FCR"
"293",2105,21.6419,"2019-05-06","temperature","FCR"
"294",2106,19.4635,"2019-05-07","temperature","FCR"
"295",2107,20.8847,"2019-05-08","temperature","FCR"
"296",2108,21.2525,"2019-05-09","temperature","FCR"
"297",2109,21.521,"2019-05-10","temperature","FCR"
"298",2110,22.2127,"2019-05-11","temperature","FCR"
"299",2111,21.1712,"2019-05-12","temperature","FCR"
"300",2112,21.4174,"2019-05-13","temperature","FCR"
"301",2113,21.0273,"2019-05-14","temperature","FCR"
"302",2114,19.3585,"2019-05-15","temperature","FCR"
"303",2115,18.5479,"2019-05-16","temperature","FCR"
"304",2116,19.0653,"2019-05-17","temperature","FCR"
"305",2117,19.4377,"2019-05-18","temperature","FCR"
"306",2118,20.185,"2019-05-19","temperature","FCR"
"307",2119,20.6409,"2019-05-20","temperature","FCR"
"308",2120,22.3024,"2019-05-21","temperature","FCR"
"309",2121,21.8762,"2019-05-22","temperature","FCR"
"310",2122,22.1756,"2019-05-23","temperature","FCR"
"311",2123,22.7631,"2019-05-24","temperature","FCR"
"312",2124,24.0568,"2019-05-25","temperature","FCR"
"313",2125,24.0079,"2019-05-26","temperature","FCR"
"314",2126,24.646,"2019-05-27","temperature","FCR"
"315",2127,24.7886,"2019-05-28","temperature","FCR"
"316",2128,25.1791,"2019-05-29","temperature","FCR"
"317",2129,25.0513,"2019-05-30","temperature","FCR"
"318",2130,24.6477,"2019-05-31","temperature","FCR"
"319",2131,25.2994,"2019-06-01","temperature","FCR"
"320",2132,23.661,"2019-06-02","temperature","FCR"
"321",2133,23.9291,"2019-06-03","temperature","FCR"
"322",2134,24.2877,"2019-06-04","temperature","FCR"
"323",2135,23.6745,"2019-06-05","temperature","FCR"
"324",2136,23.333,"2019-06-06","temperature","FCR"
"325",2137,23.276,"2019-06-07","temperature","FCR"
"326",2138,23.5295,"2019-06-08","temperature","FCR"
"327",2139,22.0499,"2019-06-09","temperature","FCR"
"328",2140,21.7945,"2019-06-10","temperature","FCR"
"329",2141,22.3421,"2019-06-11","temperature","FCR"
"330",2142,21.9986,"2019-06-12","temperature","FCR"
"331",2143,22.1171,"2019-06-13","temperature","FCR"
"332",2144,22.038,"2019-06-14","temperature","FCR"
"333",2145,21.9763,"2019-06-15","temperature","FCR"
"334",2146,22.1923,"2019-06-16","temperature","FCR"
"335",2147,22.4433,"2019-06-17","temperature","FCR"
"336",2148,22.9794,"2019-06-18","temperature","FCR"
"337",2149,23.1376,"2019-06-19","temperature","FCR"
"338",2150,24.4891,"2019-06-20","temperature","FCR"
"339",2151,24.5368,"2019-06-21","temperature","FCR"
"340",2152,24.4459,"2019-06-22","temperature","FCR"
"341",2153,23.5413,"2019-06-23","temperature","FCR"
"342",2154,24.0644,"2019-06-24","temperature","FCR"
"343",2155,24.8571,"2019-06-25","temperature","FCR"
"344",2156,25.0626,"2019-06-26","temperature","FCR"
"345",2157,25.3967,"2019-06-27","temperature","FCR"
"346",2158,26.3796,"2019-06-28","temperature","FCR"
"347",2159,26.3971,"2019-06-29","temperature","FCR"
"348",2160,26.5707,"2019-06-30","temperature","FCR"
"349",2161,27.2356,"2019-07-01","temperature","FCR"
"350",2162,26.4439,"2019-07-02","temperature","FCR"
"351",2163,27.3141,"2019-07-03","temperature","FCR"
"352",2164,26.3488,"2019-07-04","temperature","FCR"
"353",2165,27.009,"2019-07-05","temperature","FCR"
"354",2166,27.4814,"2019-07-06","temperature","FCR"
"355",2167,27.5228,"2019-07-07","temperature","FCR"
"356",2168,28.1612,"2019-07-08","temperature","FCR"
"357",2169,27.9258,"2019-07-09","temperature","FCR"
"358",2170,27.4318,"2019-07-10","temperature","FCR"
"359",2171,27.4386,"2019-07-11","temperature","FCR"
"360",2172,28.046,"2019-07-12","temperature","FCR"
"361",2173,27.3489,"2019-07-13","temperature","FCR"
"362",2174,27.4831,"2019-07-14","temperature","FCR"
"363",2175,27.5696,"2019-07-15","temperature","FCR"
"364",2176,29.3548,"2019-07-16","temperature","FCR"
"365",2177,27.9226,"2019-07-17","temperature","FCR"
"366",2178,28.661,"2019-07-18","temperature","FCR"
"367",2179,28.163,"2019-07-19","temperature","FCR"
"368",2180,28.2537,"2019-07-20","temperature","FCR"
"369",2181,28.8655,"2019-07-21","temperature","FCR"
"370",2182,28.7237,"2019-07-22","temperature","FCR"
"371",2183,27.4312,"2019-07-23","temperature","FCR"
"372",2184,25.9423,"2019-07-24","temperature","FCR"
"373",2185,25.1257,"2019-07-25","temperature","FCR"
"374",2186,25.0086,"2019-07-26","temperature","FCR"
"375",2187,25.8441,"2019-07-27","temperature","FCR"
"376",2188,26.0286,"2019-07-28","temperature","FCR"
"377",2189,25.7726,"2019-07-29","temperature","FCR"
"378",2190,26.4442,"2019-07-30","temperature","FCR"
"379",2191,27.0748,"2019-07-31","temperature","FCR"
"380",2192,26.3457,"2019-08-01","temperature","FCR"
"381",2193,25.6929,"2019-08-02","temperature","FCR"
"382",2194,26.205,"2019-08-03","temperature","FCR"
"383",2195,26.468,"2019-08-04","temperature","FCR"
"384",2196,26.1001,"2019-08-05","temperature","FCR"
"385",2197,26.4988,"2019-08-06","temperature","FCR"
"386",2198,25.8861,"2019-08-07","temperature","FCR"
"387",2199,26.0695,"2019-08-08","temperature","FCR"
"388",2200,25.5816,"2019-08-09","temperature","FCR"
"389",2201,25.7825,"2019-08-10","temperature","FCR"
"390",2202,26.4491,"2019-08-11","temperature","FCR"
"391",2203,26.0853,"2019-08-12","temperature","FCR"
"392",2204,26.2682,"2019-08-13","temperature","FCR"
"393",2205,26.2293,"2019-08-14","temperature","FCR"
"394",2206,26.2719,"2019-08-15","temperature","FCR"
"395",2207,27.6464,"2019-08-16","temperature","FCR"
"396",2208,27.3024,"2019-08-17","temperature","FCR"
"397",2209,27.1613,"2019-08-18","temperature","FCR"
"398",2210,27.3611,"2019-08-19","temperature","FCR"
"399",2211,27.1359,"2019-08-20","temperature","FCR"
"400",2212,27.3342,"2019-08-21","temperature","FCR"
"401",2213,27.4118,"2019-08-22","temperature","FCR"
"402",2214,27.4105,"2019-08-23","temperature","FCR"
"403",2215,26.8503,"2019-08-24","temperature","FCR"
"404",2216,25.8028,"2019-08-25","temperature","FCR"
"405",2217,24.9367,"2019-08-26","temperature","FCR"
"406",2218,24.279,"2019-08-27","temperature","FCR"
"407",2219,23.7821,"2019-08-28","temperature","FCR"
"408",2220,24.5308,"2019-08-29","temperature","FCR"
"409",2221,23.9554,"2019-08-30","temperature","FCR"
"410",2222,23.7508,"2019-08-31","temperature","FCR"
"411",2223,24.2559,"2019-09-01","temperature","FCR"
"412",2224,24.6291,"2019-09-02","temperature","FCR"
"413",2225,24.9592,"2019-09-03","temperature","FCR"
"414",2226,25.77,"2019-09-04","temperature","FCR"
"415",2227,25.164,"2019-09-05","temperature","FCR"
"416",2228,26.7366,"2019-09-06","temperature","FCR"
"417",2229,24.8026,"2019-09-07","temperature","FCR"
"418",2230,25.5192,"2019-09-08","temperature","FCR"
"419",2231,25.5743,"2019-09-09","temperature","FCR"
"420",2232,24.6074,"2019-09-10","temperature","FCR"
"421",2233,24.9338,"2019-09-11","temperature","FCR"
"422",2234,25.2245,"2019-09-12","temperature","FCR"
"423",2235,25.0866,"2019-09-13","temperature","FCR"
"424",2236,25.3488,"2019-09-14","temperature","FCR"
"425",2237,24.2723,"2019-09-15","temperature","FCR"
"426",2238,24.2024,"2019-09-16","temperature","FCR"
"427",2239,24.1844,"2019-09-17","temperature","FCR"
"428",2240,25.2033,"2019-09-18","temperature","FCR"
"429",2241,23.884,"2019-09-19","temperature","FCR"
"430",2242,22.936,"2019-09-20","temperature","FCR"
"431",2243,23.2027,"2019-09-21","temperature","FCR"
"432",2244,22.1338,"2019-09-22","temperature","FCR"
"433",2245,23.2246,"2019-09-23","temperature","FCR"
"434",2246,23.4509,"2019-09-24","temperature","FCR"
"435",2247,23.7525,"2019-09-25","temperature","FCR"
"436",2248,22.8959,"2019-09-26","temperature","FCR"
"437",2249,23.3337,"2019-09-27","temperature","FCR"
"438",2250,23.1664,"2019-09-28","temperature","FCR"
"439",2251,23.1994,"2019-09-29","temperature","FCR"
"440",2252,23.1672,"2019-09-30","temperature","FCR"
"441",2253,24.1724,"2019-10-01","temperature","FCR"
"442",2254,23.8603,"2019-10-02","temperature","FCR"
"443",2255,23.9102,"2019-10-03","temperature","FCR"
"444",2256,23.7545,"2019-10-04","temperature","FCR"
"445",2257,24.2694,"2019-10-05","temperature","FCR"
"446",2258,21.9077,"2019-10-06","temperature","FCR"
"447",2259,21.0621,"2019-10-07","temperature","FCR"
"448",2260,20.8432,"2019-10-08","temperature","FCR"
"449",2261,19.965,"2019-10-09","temperature","FCR"
"450",2262,19.9928,"2019-10-10","temperature","FCR"
"451",2263,19.6075,"2019-10-11","temperature","FCR"
"452",2264,19.3981,"2019-10-12","temperature","FCR"
"453",2265,19.8247,"2019-10-13","temperature","FCR"
"454",2266,18.501,"2019-10-14","temperature","FCR"
"455",2267,18.4929,"2019-10-15","temperature","FCR"
"456",2268,17.9659,"2019-10-16","temperature","FCR"
"457",2269,17.2363,"2019-10-17","temperature","FCR"
"458",2270,16.2436,"2019-10-18","temperature","FCR"
"459",2271,15.9423,"2019-10-19","temperature","FCR"
"460",2272,14.9354,"2019-10-20","temperature","FCR"
"461",2273,15.0214,"2019-10-21","temperature","FCR"
"462",2274,14.7571,"2019-10-22","temperature","FCR"
"463",2275,15.1793,"2019-10-23","temperature","FCR"
"464",2276,15.4509,"2019-10-24","temperature","FCR"
"465",2277,14.5833,"2019-10-25","temperature","FCR"
"466",2278,14.2322,"2019-10-26","temperature","FCR"
"467",2279,15.07,"2019-10-27","temperature","FCR"
"468",2280,14.9109,"2019-10-28","temperature","FCR"
"469",2281,15.5695,"2019-10-29","temperature","FCR"
"470",2282,15.0956,"2019-10-30","temperature","FCR"
"471",2283,15.1167,"2019-10-31","temperature","FCR"
"472",2284,15.3703,"2019-11-01","temperature","FCR"
"473",2285,14.4406,"2019-11-02","temperature","FCR"
"474",2286,13.3369,"2019-11-03","temperature","FCR"
"475",2287,13.3622,"2019-11-04","temperature","FCR"
"476",2288,12.562,"2019-11-05","temperature","FCR"
"477",2289,12.5409,"2019-11-06","temperature","FCR"
"478",2290,12.2164,"2019-11-07","temperature","FCR"
"479",2291,12.1136,"2019-11-08","temperature","FCR"
"480",2292,11.5733,"2019-11-09","temperature","FCR"
"481",2293,10.7901,"2019-11-10","temperature","FCR"
"482",2294,10.5159,"2019-11-11","temperature","FCR"
"483",2295,10.4187,"2019-11-12","temperature","FCR"
"484",2296,10.1235,"2019-11-13","temperature","FCR"
"485",2297,8.9356,"2019-11-14","temperature","FCR"
"486",2298,8.4093,"2019-11-15","temperature","FCR"
"487",2299,8.212,"2019-11-16","temperature","FCR"
"488",2300,8.102,"2019-11-17","temperature","FCR"
"489",2301,7.8158,"2019-11-18","temperature","FCR"
"490",2302,7.6484,"2019-11-19","temperature","FCR"
"491",2303,7.6988,"2019-11-20","temperature","FCR"
"492",2304,7.893,"2019-11-21","temperature","FCR"
"493",2305,7.4489,"2019-11-22","temperature","FCR"
"494",2306,7.7288,"2019-11-23","temperature","FCR"
"495",2307,7.3495,"2019-11-24","temperature","FCR"
"496",2308,7.4469,"2019-11-25","temperature","FCR"
"497",2309,7.6924,"2019-11-26","temperature","FCR"
"498",2310,7.0165,"2019-11-27","temperature","FCR"
"499",2311,7.47,"2019-11-28","temperature","FCR"
"500",2312,6.9846,"2019-11-29","temperature","FCR"
"501",2313,7.2526,"2019-11-30","temperature","FCR"
"502",2314,6.9874,"2019-12-01","temperature","FCR"
"503",2315,6.8111,"2019-12-02","temperature","FCR"
"504",2316,6.5805,"2019-12-03","temperature","FCR"
"505",2317,6.2292,"2019-12-04","temperature","FCR"
"506",2318,5.8609,"2019-12-05","temperature","FCR"
"507",2319,5.8768,"2019-12-06","temperature","FCR"
"508",2320,5.6837,"2019-12-07","temperature","FCR"
"509",2321,5.4224,"2019-12-08","temperature","FCR"
"510",2322,5.1913,"2019-12-09","temperature","FCR"
"511",2323,5.183,"2019-12-10","temperature","FCR"
"512",2324,5.4887,"2019-12-11","temperature","FCR"
"513",2325,5.2662,"2019-12-12","temperature","FCR"
"514",2326,4.8152,"2019-12-13","temperature","FCR"
"515",2327,4.6914,"2019-12-14","temperature","FCR"
"516",2328,4.809,"2019-12-15","temperature","FCR"
"517",2329,4.9897,"2019-12-16","temperature","FCR"
"518",2330,4.9338,"2019-12-17","temperature","FCR"
"519",2331,5.2794,"2019-12-18","temperature","FCR"
"520",2332,4.6582,"2019-12-19","temperature","FCR"
"521",2333,4.073,"2019-12-20","temperature","FCR"
"522",2334,3.8648,"2019-12-21","temperature","FCR"
"523",2335,3.7842,"2019-12-22","temperature","FCR"
"524",2336,3.7711,"2019-12-23","temperature","FCR"
"525",2337,3.8821,"2019-12-24","temperature","FCR"
"526",2338,4.1395,"2019-12-25","temperature","FCR"
"527",2339,4.1878,"2019-12-26","temperature","FCR"
"528",2340,4.6761,"2019-12-27","temperature","FCR"
"529",2341,5.4386,"2019-12-28","temperature","FCR"
"530",2342,5.2812,"2019-12-29","temperature","FCR"
"531",2343,5.3572,"2019-12-30","temperature","FCR"
"532",2344,6.4557,"2019-12-31","temperature","FCR"
"533",2345,6.2441,"2020-01-01","temperature","FCR"
"534",2346,6.0143,"2020-01-02","temperature","FCR"
"535",2347,5.8732,"2020-01-03","temperature","FCR"
"536",2348,6.2447,"2020-01-04","temperature","FCR"
"537",2349,5.9697,"2020-01-05","temperature","FCR"
"538",2350,6.2547,"2020-01-06","temperature","FCR"
"539",2351,6.0939,"2020-01-07","temperature","FCR"
"540",2352,5.5248,"2020-01-08","temperature","FCR"
"541",2353,5.0892,"2020-01-09","temperature","FCR"
"542",2354,4.7662,"2020-01-10","temperature","FCR"
"543",2355,4.9836,"2020-01-11","temperature","FCR"
"544",2356,5.4857,"2020-01-12","temperature","FCR"
"545",2357,7.7054,"2020-01-13","temperature","FCR"
"546",2358,7.7642,"2020-01-14","temperature","FCR"
"547",2359,7.3879,"2020-01-15","temperature","FCR"
"548",2360,7.3113,"2020-01-16","temperature","FCR"
"549",2361,7.8252,"2020-01-17","temperature","FCR"
"550",2362,6.4906,"2020-01-18","temperature","FCR"
"551",2363,5.7648,"2020-01-19","temperature","FCR"
"552",2364,5.4754,"2020-01-20","temperature","FCR"
"553",2365,4.7395,"2020-01-21","temperature","FCR"
"554",2366,3.865,"2020-01-22","temperature","FCR"
"555",2367,3.5674,"2020-01-23","temperature","FCR"
"556",2368,3.5311,"2020-01-24","temperature","FCR"
"557",2369,3.4978,"2020-01-25","temperature","FCR"
"558",2370,3.9368,"2020-01-26","temperature","FCR"
"559",2371,3.9582,"2020-01-27","temperature","FCR"
"560",2372,3.8687,"2020-01-28","temperature","FCR"
"561",2373,4.0334,"2020-01-29","temperature","FCR"
"562",2374,4.0392,"2020-01-30","temperature","FCR"
"563",2375,4.049,"2020-01-31","temperature","FCR"
"564",2376,4.0042,"2020-02-01","temperature","FCR"
"565",2377,4.0972,"2020-02-02","temperature","FCR"
"566",2378,4.2628,"2020-02-03","temperature","FCR"
"567",2379,4.8051,"2020-02-04","temperature","FCR"
"568",2380,5.0975,"2020-02-05","temperature","FCR"
"569",2381,6.0857,"2020-02-06","temperature","FCR"
"570",2382,5.4126,"2020-02-09","temperature","FCR"
"571",2383,5.5065,"2020-02-10","temperature","FCR"
"572",2384,5.8614,"2020-02-11","temperature","FCR"
"573",2385,7.0031,"2020-02-12","temperature","FCR"
"574",2386,6.4447,"2020-02-14","temperature","FCR"
"575",2387,6.5375,"2020-02-15","temperature","FCR"
"576",2388,5.5429,"2020-02-16","temperature","FCR"
"577",2389,5.4814,"2020-02-17","temperature","FCR"
"578",2390,5.5508,"2020-02-18","temperature","FCR"
"579",2391,5.8545,"2020-02-19","temperature","FCR"
"580",2392,6.3094,"2020-02-20","temperature","FCR"
"581",2393,5.9308,"2020-02-21","temperature","FCR"
"582",2394,6.0028,"2020-02-22","temperature","FCR"
"583",2395,5.8887,"2020-02-23","temperature","FCR"
"584",2396,5.7657,"2020-02-24","temperature","FCR"
"585",2397,5.9089,"2020-02-25","temperature","FCR"
"586",2398,5.8841,"2020-02-26","temperature","FCR"
"587",2399,7.2042,"2020-02-27","temperature","FCR"
"588",2400,6.7152,"2020-02-28","temperature","FCR"
"589",2401,6.099,"2020-02-29","temperature","FCR"
"590",2402,6.3065,"2020-03-01","temperature","FCR"
"591",2403,5.8048,"2020-03-02","temperature","FCR"
"592",2404,6.0016,"2020-03-03","temperature","FCR"
"593",2405,5.9613,"2020-03-04","temperature","FCR"
"594",2406,6.5891,"2020-03-05","temperature","FCR"
"595",2407,6.7598,"2020-03-06","temperature","FCR"
"596",2408,7.2557,"2020-03-07","temperature","FCR"
"597",2409,7.1949,"2020-03-08","temperature","FCR"
"598",2410,6.6245,"2020-03-09","temperature","FCR"
"599",2411,6.9264,"2020-03-10","temperature","FCR"
"600",2412,8.1158,"2020-03-11","temperature","FCR"
"601",2413,9.6669,"2020-03-12","temperature","FCR"
"602",2414,10.1477,"2020-03-13","temperature","FCR"
"603",2415,11.6259,"2020-03-14","temperature","FCR"
"604",2416,11.3072,"2020-03-15","temperature","FCR"
"605",2417,10.966,"2020-03-16","temperature","FCR"
"606",2418,10.2889,"2020-03-17","temperature","FCR"
"607",2419,11.357,"2020-03-18","temperature","FCR"
"608",2420,10.6093,"2020-03-19","temperature","FCR"
"609",2421,11.0554,"2020-03-20","temperature","FCR"
"610",2422,12.3119,"2020-03-21","temperature","FCR"
"611",2423,14.8074,"2020-03-22","temperature","FCR"
"612",2424,13.2971,"2020-03-23","temperature","FCR"
"613",2425,12.0427,"2020-03-24","temperature","FCR"
"614",2426,12.0988,"2020-03-25","temperature","FCR"
"615",2427,12.6542,"2020-03-26","temperature","FCR"
"616",2428,12.3707,"2020-03-27","temperature","FCR"
"617",2429,13.0461,"2020-03-28","temperature","FCR"
"618",2430,15.5287,"2020-03-29","temperature","FCR"
"619",2431,16.2465,"2020-03-30","temperature","FCR"
"620",2432,15.6865,"2020-03-31","temperature","FCR"
"621",2433,14.2862,"2020-04-01","temperature","FCR"
"622",2434,13.4639,"2020-04-02","temperature","FCR"
"623",2435,13.4047,"2020-04-03","temperature","FCR"
"624",2436,12.89,"2020-04-04","temperature","FCR"
"625",2437,14.3,"2020-04-05","temperature","FCR"
"626",2438,14.0694,"2020-04-06","temperature","FCR"
"627",2439,16.4562,"2020-04-07","temperature","FCR"
"628",2440,15.2427,"2020-04-08","temperature","FCR"
"629",2441,16.0856,"2020-04-09","temperature","FCR"
"630",2442,15.8471,"2020-04-10","temperature","FCR"
"631",2443,14.701,"2020-04-11","temperature","FCR"
"632",2444,13.9125,"2020-04-12","temperature","FCR"
"633",2445,13.9061,"2020-04-13","temperature","FCR"
"634",2446,14.2475,"2020-04-14","temperature","FCR"
"635",2447,13.5204,"2020-04-15","temperature","FCR"
"636",2448,13.6706,"2020-04-16","temperature","FCR"
"637",2449,13.5122,"2020-04-17","temperature","FCR"
"638",2450,12.9495,"2020-04-18","temperature","FCR"
"639",2451,14.0555,"2020-04-19","temperature","FCR"
"640",2452,12.7681,"2020-04-20","temperature","FCR"
"641",2453,12.9993,"2020-04-21","temperature","FCR"
"642",2454,13.4555,"2020-04-22","temperature","FCR"
"643",2455,13.7014,"2020-04-23","temperature","FCR"
"644",2456,12.8167,"2020-04-24","temperature","FCR"
"645",2457,15.6933,"2020-04-25","temperature","FCR"
"646",2458,13.8856,"2020-04-26","temperature","FCR"
"647",2459,14.3791,"2020-04-27","temperature","FCR"
"648",2460,14.4859,"2020-04-28","temperature","FCR"
"649",2461,13.898,"2020-04-29","temperature","FCR"
"650",2462,14.5396,"2020-04-30","temperature","FCR"
"651",2463,14.7452,"2020-05-01","temperature","FCR"
"652",2464,14.5586,"2020-05-02","temperature","FCR"
"653",2465,13.8957,"2020-05-03","temperature","FCR"
"654",2466,15.7086,"2020-05-04","temperature","FCR"
"655",2467,17.6081,"2020-05-05","temperature","FCR"
"656",2468,15.906,"2020-05-06","temperature","FCR"
"657",2469,15.6862,"2020-05-07","temperature","FCR"
"658",2470,14.4841,"2020-05-08","temperature","FCR"
"659",2471,14.4516,"2020-05-09","temperature","FCR"
"660",2472,14.4299,"2020-05-10","temperature","FCR"
"661",2473,14.0224,"2020-05-11","temperature","FCR"
"662",2474,14.3544,"2020-05-12","temperature","FCR"
"663",2475,14.403,"2020-05-13","temperature","FCR"
"664",2476,14.0334,"2020-05-14","temperature","FCR"
"665",2477,15.5933,"2020-05-15","temperature","FCR"
"666",2478,17.1772,"2020-05-16","temperature","FCR"
"667",2479,18.5555,"2020-05-17","temperature","FCR"
"668",2480,18.7825,"2020-05-18","temperature","FCR"
"669",2481,20.2211,"2020-05-19","temperature","FCR"
"670",2482,17.3352,"2020-05-20","temperature","FCR"
"671",2483,14.8234,"2020-05-21","temperature","FCR"
"672",2484,13.6339,"2020-05-22","temperature","FCR"
"673",2485,14.0692,"2020-05-23","temperature","FCR"
"674",2486,14.3435,"2020-05-24","temperature","FCR"
"675",2487,14.4156,"2020-05-25","temperature","FCR"
"676",2488,16.0328,"2020-05-26","temperature","FCR"
"677",2489,16.0972,"2020-05-27","temperature","FCR"
"678",2490,15.7661,"2020-05-28","temperature","FCR"
"679",2491,17.5324,"2020-05-29","temperature","FCR"
"680",2492,17.8051,"2020-05-30","temperature","FCR"
"681",2493,17.8685,"2020-05-31","temperature","FCR"
"682",2494,20.0605,"2020-06-01","temperature","FCR"
"683",2495,19.2025,"2020-06-02","temperature","FCR"
"684",2496,19.8149,"2020-06-03","temperature","FCR"
"685",2497,20.3941,"2020-06-04","temperature","FCR"
"686",2498,21.0981,"2020-06-05","temperature","FCR"
"687",2499,21.6462,"2020-06-06","temperature","FCR"
"688",2500,21.8943,"2020-06-07","temperature","FCR"
"689",2501,22.0345,"2020-06-08","temperature","FCR"
"690",2502,23.1746,"2020-06-09","temperature","FCR"
"691",2503,23.4458,"2020-06-10","temperature","FCR"
"692",2504,23.9568,"2020-06-11","temperature","FCR"
"693",2505,24.5665,"2020-06-12","temperature","FCR"
"694",2506,23.856,"2020-06-13","temperature","FCR"
"695",2507,24.1698,"2020-06-14","temperature","FCR"
"696",2508,23.4348,"2020-06-15","temperature","FCR"
"697",2509,21.2502,"2020-06-16","temperature","FCR"
"698",2510,19.9595,"2020-06-17","temperature","FCR"
"699",2511,18.0763,"2020-06-18","temperature","FCR"
"700",2512,17.4647,"2020-06-19","temperature","FCR"
"701",2513,17.419,"2020-06-20","temperature","FCR"
"702",2514,18.666,"2020-06-21","temperature","FCR"
"703",2515,19.1845,"2020-06-22","temperature","FCR"
"704",2516,19.6102,"2020-06-23","temperature","FCR"
"705",2517,20.4034,"2020-06-24","temperature","FCR"
"706",2518,20.9846,"2020-06-25","temperature","FCR"
"707",2519,21.3328,"2020-06-26","temperature","FCR"
"708",2520,21.9374,"2020-06-27","temperature","FCR"
"709",2521,22.2028,"2020-06-28","temperature","FCR"
"710",2522,21.9637,"2020-06-29","temperature","FCR"
"711",2523,22.2298,"2020-06-30","temperature","FCR"
"712",2524,23.075,"2020-07-01","temperature","FCR"
"713",2525,23.4317,"2020-07-02","temperature","FCR"
"714",2526,23.6637,"2020-07-03","temperature","FCR"
"715",2527,24.6275,"2020-07-04","temperature","FCR"
"716",2528,25.4053,"2020-07-05","temperature","FCR"
"717",2529,26.1031,"2020-07-06","temperature","FCR"
"718",2530,26.4129,"2020-07-07","temperature","FCR"
"719",2531,26.8229,"2020-07-08","temperature","FCR"
"720",2532,27.0248,"2020-07-09","temperature","FCR"
"721",2533,26.8374,"2020-07-10","temperature","FCR"
"722",2534,26.8031,"2020-07-11","temperature","FCR"
"723",2535,27.2671,"2020-07-12","temperature","FCR"
"724",2536,26.7188,"2020-07-13","temperature","FCR"
"725",2537,25.6483,"2020-07-14","temperature","FCR"
"726",2538,25.7011,"2020-07-15","temperature","FCR"
"727",2539,26.7212,"2020-07-16","temperature","FCR"
"728",2540,26.8162,"2020-07-17","temperature","FCR"
"729",2541,26.8711,"2020-07-18","temperature","FCR"
"730",2542,27.1847,"2020-07-19","temperature","FCR"
"731",2543,27.6355,"2020-07-20","temperature","FCR"
"732",2544,27.4674,"2020-07-21","temperature","FCR"
"733",2545,28.0579,"2020-07-22","temperature","FCR"
"734",2546,28.0726,"2020-07-23","temperature","FCR"
"735",2547,27.0428,"2020-07-24","temperature","FCR"
"736",2548,26.4918,"2020-07-25","temperature","FCR"
"737",2549,26.5346,"2020-07-26","temperature","FCR"
"738",2550,26.892,"2020-07-27","temperature","FCR"
"739",2551,26.9082,"2020-07-28","temperature","FCR"
"740",2552,26.8021,"2020-07-29","temperature","FCR"
"741",2553,26.7539,"2020-07-30","temperature","FCR"
"742",2554,26.7509,"2020-07-31","temperature","FCR"
"743",2555,26.5785,"2020-08-01","temperature","FCR"
"744",2556,26.3284,"2020-08-02","temperature","FCR"
"745",2557,26.7097,"2020-08-03","temperature","FCR"
"746",2558,25.9841,"2020-08-04","temperature","FCR"
"747",2559,25.6747,"2020-08-05","temperature","FCR"
"748",2560,25.7039,"2020-08-06","temperature","FCR"
"749",2561,25.8031,"2020-08-07","temperature","FCR"
"750",2562,26.0992,"2020-08-08","temperature","FCR"
"751",2563,26.1299,"2020-08-09","temperature","FCR"
"752",2564,26.2318,"2020-08-10","temperature","FCR"
"753",2565,26.2111,"2020-08-11","temperature","FCR"
"754",2566,26.8395,"2020-08-12","temperature","FCR"
"755",2567,26.9177,"2020-08-13","temperature","FCR"
"756",2568,26.3078,"2020-08-14","temperature","FCR"
"757",2569,25.8675,"2020-08-15","temperature","FCR"
"758",2570,24.9435,"2020-08-16","temperature","FCR"
"759",2571,23.9834,"2020-08-17","temperature","FCR"
"760",2572,23.4812,"2020-08-18","temperature","FCR"
"761",2573,23.9302,"2020-08-19","temperature","FCR"
"762",2574,23.7628,"2020-08-20","temperature","FCR"
"763",2575,24.4938,"2020-08-21","temperature","FCR"
"764",2576,24.2806,"2020-08-22","temperature","FCR"
"765",2577,24.534,"2020-08-23","temperature","FCR"
"766",2578,24.9909,"2020-08-24","temperature","FCR"
"767",2579,25.1442,"2020-08-25","temperature","FCR"
"768",2580,25.2542,"2020-08-26","temperature","FCR"
"769",2581,25.7321,"2020-08-27","temperature","FCR"
"770",2582,25.8435,"2020-08-28","temperature","FCR"
"771",2583,26.1105,"2020-08-29","temperature","FCR"
"772",2584,26.2687,"2020-08-30","temperature","FCR"
"773",2585,25.7649,"2020-08-31","temperature","FCR"
"774",2586,24.7512,"2020-09-01","temperature","FCR"
"775",2587,23.8753,"2020-09-02","temperature","FCR"
"776",2588,24.3988,"2020-09-03","temperature","FCR"
"777",2589,24.898,"2020-09-04","temperature","FCR"
"778",2590,25.5349,"2020-09-05","temperature","FCR"
"779",2591,24.7571,"2020-09-06","temperature","FCR"
"780",2592,24.1243,"2020-09-07","temperature","FCR"
"781",2593,24.9989,"2020-09-08","temperature","FCR"
"782",2594,23.6602,"2020-09-09","temperature","FCR"
"783",2595,24.4612,"2020-09-10","temperature","FCR"
"784",2596,23.429,"2020-09-11","temperature","FCR"
"785",2597,24.0873,"2020-09-12","temperature","FCR"
"786",2598,23.6983,"2020-09-13","temperature","FCR"
"787",2599,23.7453,"2020-09-14","temperature","FCR"
"788",2600,23.7258,"2020-09-15","temperature","FCR"
"789",2601,23.1482,"2020-09-16","temperature","FCR"
"790",2602,21.7693,"2020-09-17","temperature","FCR"
"791",2603,21.0751,"2020-09-18","temperature","FCR"
"792",2604,21.7256,"2020-09-19","temperature","FCR"
"793",2605,20.2288,"2020-09-20","temperature","FCR"
"794",2606,19.2786,"2020-09-21","temperature","FCR"
"795",2607,18.694,"2020-09-22","temperature","FCR"
"796",2608,18.2698,"2020-09-23","temperature","FCR"
"797",2609,18.2517,"2020-09-24","temperature","FCR"
"798",2610,18.562,"2020-09-25","temperature","FCR"
"799",2611,17.902,"2020-09-26","temperature","FCR"
"800",2612,17.7475,"2020-09-27","temperature","FCR"
"801",2613,18.6932,"2020-09-28","temperature","FCR"
"802",2614,18.3677,"2020-09-29","temperature","FCR"
"803",2615,18.8009,"2020-09-30","temperature","FCR"
"804",2616,18.1529,"2020-10-01","temperature","FCR"
"805",2617,18.6231,"2020-10-02","temperature","FCR"
"806",2618,18.3578,"2020-10-03","temperature","FCR"
"807",2619,17.5547,"2020-10-04","temperature","FCR"
"808",2620,17.5916,"2020-10-05","temperature","FCR"
"809",2621,17.0815,"2020-10-06","temperature","FCR"
"810",2622,17.6809,"2020-10-07","temperature","FCR"
"811",2623,17.0266,"2020-10-08","temperature","FCR"
"812",2624,17.671,"2020-10-09","temperature","FCR"
"813",2625,17.3552,"2020-10-10","temperature","FCR"
"814",2626,17.0391,"2020-10-11","temperature","FCR"
"815",2627,17.2593,"2020-10-12","temperature","FCR"
"816",2628,17.2648,"2020-10-13","temperature","FCR"
"817",2629,18.3466,"2020-10-14","temperature","FCR"
"818",2630,17.0473,"2020-10-15","temperature","FCR"
"819",2631,16.8345,"2020-10-16","temperature","FCR"
"820",2632,16.3805,"2020-10-17","temperature","FCR"
"821",2633,15.9396,"2020-10-18","temperature","FCR"
"822",2634,15.2006,"2020-10-19","temperature","FCR"
"823",2635,15.8797,"2020-10-20","temperature","FCR"
"824",2636,16.4752,"2020-10-21","temperature","FCR"
"825",2637,16.0687,"2020-10-22","temperature","FCR"
"826",2638,16.8057,"2020-10-23","temperature","FCR"
"827",2639,17.2078,"2020-10-24","temperature","FCR"
"828",2640,16.9885,"2020-10-25","temperature","FCR"
"829",2641,17.038,"2020-10-26","temperature","FCR"
"830",2642,17.2602,"2020-10-27","temperature","FCR"
"831",2643,16.6438,"2020-10-28","temperature","FCR"
"832",2644,16.6208,"2020-10-29","temperature","FCR"
"833",2645,17.3271,"2020-10-30","temperature","FCR"
"834",2646,16.0589,"2020-10-31","temperature","FCR"
"835",2647,14.4152,"2020-11-01","temperature","FCR"
"836",2648,13.9148,"2020-11-02","temperature","FCR"
"837",2649,12.9038,"2020-11-03","temperature","FCR"
"838",2650,12.5661,"2020-11-04","temperature","FCR"
"839",2651,12.0903,"2020-11-05","temperature","FCR"
"840",2652,12.3021,"2020-11-06","temperature","FCR"
"841",2653,12.6382,"2020-11-07","temperature","FCR"
"842",2654,13.1024,"2020-11-08","temperature","FCR"
"843",2655,13.5639,"2020-11-09","temperature","FCR"
"844",2656,14.0218,"2020-11-10","temperature","FCR"
"845",2657,14.6842,"2020-11-11","temperature","FCR"
"846",2658,14.8316,"2020-11-12","temperature","FCR"
"847",2659,15.582,"2020-11-13","temperature","FCR"
"848",2660,14.8167,"2020-11-14","temperature","FCR"
"849",2661,13.2636,"2020-11-15","temperature","FCR"
"850",2662,12.6358,"2020-11-16","temperature","FCR"
"851",2663,11.852,"2020-11-17","temperature","FCR"
"852",2664,11.1612,"2020-11-18","temperature","FCR"
"853",2665,10.5935,"2020-11-19","temperature","FCR"
"854",2666,9.7737,"2020-11-20","temperature","FCR"
"855",2667,9.8119,"2020-11-21","temperature","FCR"
"856",2668,10.8313,"2020-11-22","temperature","FCR"
"857",2669,9.9407,"2020-11-23","temperature","FCR"
"858",2670,10.09,"2020-11-24","temperature","FCR"
"859",2671,9.5371,"2020-11-25","temperature","FCR"
"860",2672,9.3606,"2020-11-26","temperature","FCR"
"861",2673,9.8747,"2020-11-27","temperature","FCR"
"862",2674,10.4401,"2020-11-28","temperature","FCR"
"863",2675,10.1319,"2020-11-29","temperature","FCR"
"864",2676,9.4487,"2020-11-30","temperature","FCR"
"865",2677,9.5448,"2020-12-01","temperature","FCR"
"866",2678,8.722,"2020-12-02","temperature","FCR"
"867",2679,8.0315,"2020-12-03","temperature","FCR"
"868",2680,7.9457,"2020-12-04","temperature","FCR"
"869",2681,7.5577,"2020-12-05","temperature","FCR"
"870",2682,7.4875,"2020-12-06","temperature","FCR"
"871",2683,7.4585,"2020-12-07","temperature","FCR"
"872",2684,6.9858,"2020-12-08","temperature","FCR"
"873",2685,6.2216,"2020-12-09","temperature","FCR"
"874",2686,5.649,"2020-12-10","temperature","FCR"
"875",2687,5.8916,"2020-12-11","temperature","FCR"
"876",2688,5.6592,"2020-12-12","temperature","FCR"
"877",2689,5.8523,"2020-12-13","temperature","FCR"
"878",2690,7.1848,"2020-12-14","temperature","FCR"
"879",2691,6.7927,"2020-12-15","temperature","FCR"
"880",2692,6.1412,"2020-12-16","temperature","FCR"
"881",2693,5.6996,"2020-12-17","temperature","FCR"
"882",2694,5.5575,"2020-12-18","temperature","FCR"
"883",2695,5.2167,"2020-12-19","temperature","FCR"
"884",2696,4.7894,"2020-12-20","temperature","FCR"
"885",2697,4.8633,"2020-12-21","temperature","FCR"
"886",2698,4.8903,"2020-12-22","temperature","FCR"
"887",2699,5.3317,"2020-12-23","temperature","FCR"
"888",2700,5.0583,"2020-12-24","temperature","FCR"
"889",2701,5.1766,"2020-12-25","temperature","FCR"
"890",2702,4.7968,"2020-12-26","temperature","FCR"
"891",2703,4.0531,"2020-12-27","temperature","FCR"
"892",2704,3.6067,"2020-12-28","temperature","FCR"
"893",2705,3.7026,"2020-12-29","temperature","FCR"
"894",2706,3.6309,"2020-12-30","temperature","FCR"
"895",2707,3.9657,"2020-12-31","temperature","FCR"
"896",2708,4.2755,"2021-01-01","temperature","FCR"
"897",2709,4.353,"2021-01-02","temperature","FCR"
"898",2710,4.9378,"2021-01-03","temperature","FCR"
"899",2711,5.5855,"2021-01-04","temperature","FCR"
"900",2712,5.093,"2021-01-05","temperature","FCR"
"901",2713,5.0242,"2021-01-06","temperature","FCR"
"902",2714,4.8135,"2021-01-07","temperature","FCR"
"903",2715,4.7585,"2021-01-08","temperature","FCR"
"904",2716,4.4218,"2021-01-09","temperature","FCR"
"905",2717,4.0592,"2021-01-10","temperature","FCR"
"906",2718,3.7119,"2021-01-11","temperature","FCR"
"907",2719,3.4479,"2021-01-12","temperature","FCR"
"908",2720,3.6124,"2021-01-13","temperature","FCR"
"909",2721,3.4416,"2021-01-14","temperature","FCR"
"910",2722,3.4529,"2021-01-15","temperature","FCR"
"911",2723,3.299,"2021-01-16","temperature","FCR"
"912",2724,3.2805,"2021-01-17","temperature","FCR"
"913",2725,3.5369,"2021-01-18","temperature","FCR"
"914",2726,3.4663,"2021-01-19","temperature","FCR"
"915",2727,3.3501,"2021-01-20","temperature","FCR"
"916",2728,3.2247,"2021-01-21","temperature","FCR"
"917",2729,3.3317,"2021-01-22","temperature","FCR"
"918",2730,3.6989,"2021-01-23","temperature","FCR"
"919",2731,3.2683,"2021-01-24","temperature","FCR"
"920",2732,3.3111,"2021-01-25","temperature","FCR"
"921",2733,3.0833,"2021-01-26","temperature","FCR"
"922",2734,3.2454,"2021-01-27","temperature","FCR"
"923",2735,3.4021,"2021-01-28","temperature","FCR"
"924",2736,3.4862,"2021-01-29","temperature","FCR"
"925",2737,2.9715,"2021-01-30","temperature","FCR"
"926",2738,2.9555,"2021-01-31","temperature","FCR"
"927",2739,2.2833,"2021-02-01","temperature","FCR"
"928",2740,2.2906,"2021-02-02","temperature","FCR"
"929",2741,2.2143,"2021-02-03","temperature","FCR"
"930",2742,2.4806,"2021-02-04","temperature","FCR"
"931",2743,2.1957,"2021-02-05","temperature","FCR"
"932",2744,2.6055,"2021-02-06","temperature","FCR"
"933",2745,2.7064,"2021-02-07","temperature","FCR"
"934",2746,2.4008,"2021-02-08","temperature","FCR"
"935",2747,5.115,"2021-02-27","temperature","FCR"
"936",2748,5.6043,"2021-02-28","temperature","FCR"
"937",2749,5.3742,"2021-03-01","temperature","FCR"
"938",2750,5.9624,"2021-03-02","temperature","FCR"
"939",2751,5.7032,"2021-03-03","temperature","FCR"
"940",2752,6.9192,"2021-03-04","temperature","FCR"
"941",2753,6.8102,"2021-03-05","temperature","FCR"
"942",2754,6.5263,"2021-03-06","temperature","FCR"
"943",2755,6.5937,"2021-03-07","temperature","FCR"
"944",2756,6.7474,"2021-03-08","temperature","FCR"
"945",2757,6.7836,"2021-03-09","temperature","FCR"
"946",2758,6.8332,"2021-03-10","temperature","FCR"
"947",2759,7.1192,"2021-03-11","temperature","FCR"
"948",2760,7.9511,"2021-03-12","temperature","FCR"
"949",2761,8.7829,"2021-03-13","temperature","FCR"
"950",2762,9.9088,"2021-03-14","temperature","FCR"
"951",2763,9.1262,"2021-03-15","temperature","FCR"
"952",2764,8.154,"2021-03-16","temperature","FCR"
"953",2765,7.8525,"2021-03-17","temperature","FCR"
"954",2766,8.4315,"2021-03-18","temperature","FCR"
"955",2767,9.0581,"2021-03-19","temperature","FCR"
"956",2768,9.4451,"2021-03-20","temperature","FCR"
"957",2769,10.2074,"2021-03-21","temperature","FCR"
"958",2770,10.8805,"2021-03-22","temperature","FCR"
"959",2771,10.1814,"2021-03-23","temperature","FCR"
"960",2772,10.9083,"2021-03-24","temperature","FCR"
"961",2773,9.5217,"2021-03-25","temperature","FCR"
"962",2774,9.4242,"2021-03-26","temperature","FCR"
"963",2775,12.8947,"2021-03-27","temperature","FCR"
"964",2776,12.6151,"2021-03-28","temperature","FCR"
"965",2777,12.0637,"2021-03-29","temperature","FCR"
"966",2778,11.4077,"2021-03-30","temperature","FCR"
"967",2779,12.1062,"2021-03-31","temperature","FCR"
"968",2780,12.3518,"2021-04-01","temperature","FCR"
"969",2781,11.5385,"2021-04-02","temperature","FCR"
"970",2782,10.5611,"2021-04-03","temperature","FCR"
"971",2783,9.6549,"2021-04-04","temperature","FCR"
"972",2784,11.0658,"2021-04-05","temperature","FCR"
"973",2785,10.9818,"2021-04-06","temperature","FCR"
"974",2786,12.1801,"2021-04-07","temperature","FCR"
"975",2787,11.3937,"2021-04-08","temperature","FCR"
"976",2788,12.8791,"2021-04-09","temperature","FCR"
"977",2789,14.3869,"2021-04-10","temperature","FCR"
"978",2790,13.4951,"2021-04-11","temperature","FCR"
"979",2791,16.1118,"2021-04-12","temperature","FCR"
"980",2792,16.788,"2021-04-13","temperature","FCR"
"981",2793,15.0218,"2021-04-14","temperature","FCR"
"982",2794,16.7902,"2021-04-15","temperature","FCR"
"983",2795,16.0162,"2021-04-16","temperature","FCR"
"984",2796,16.1269,"2021-04-17","temperature","FCR"
"985",2797,14.2465,"2021-04-18","temperature","FCR"
"986",2798,14.8692,"2021-04-19","temperature","FCR"
"987",2799,15.5279,"2021-04-20","temperature","FCR"
"988",2800,15.2096,"2021-04-21","temperature","FCR"
"989",2801,15.567,"2021-04-22","temperature","FCR"
"990",2802,14.042,"2021-04-23","temperature","FCR"
"991",2803,13.1347,"2021-04-24","temperature","FCR"
"992",2804,12.5057,"2021-04-25","temperature","FCR"
"993",2805,13.3251,"2021-04-26","temperature","FCR"
"994",2806,13.5305,"2021-04-27","temperature","FCR"
"995",2807,15.6129,"2021-04-28","temperature","FCR"
"996",2808,16.5777,"2021-04-29","temperature","FCR"
"997",2809,18.3369,"2021-04-30","temperature","FCR"
"998",2810,16.9816,"2021-05-01","temperature","FCR"
"999",2811,17.1995,"2021-05-02","temperature","FCR"
"1000",2812,16.675,"2021-05-03","temperature","FCR"
"1001",2813,18.0605,"2021-05-04","temperature","FCR"
"1002",2814,18.4268,"2021-05-05","temperature","FCR"
"1003",2815,20.0183,"2021-05-06","temperature","FCR"
"1004",2816,18.4763,"2021-05-07","temperature","FCR"
"1005",2817,18.1131,"2021-05-08","temperature","FCR"
"1006",2818,17.079,"2021-05-09","temperature","FCR"
"1007",2819,16.5012,"2021-05-10","temperature","FCR"
"1008",2820,18.4156,"2021-05-11","temperature","FCR"
"1009",2821,17.9683,"2021-05-12","temperature","FCR"
"1010",2822,17.3181,"2021-05-13","temperature","FCR"
"1011",2823,16.3103,"2021-05-14","temperature","FCR"
"1012",2824,16.5034,"2021-05-15","temperature","FCR"
"1013",2825,16.6371,"2021-05-16","temperature","FCR"
"1014",2826,16.6119,"2021-05-17","temperature","FCR"
"1015",2827,16.8289,"2021-05-18","temperature","FCR"
"1016",2828,17.175,"2021-05-19","temperature","FCR"
"1017",2829,18.0418,"2021-05-20","temperature","FCR"
"1018",2830,18.9307,"2021-05-21","temperature","FCR"
"1019",2831,19.9725,"2021-05-22","temperature","FCR"
"1020",2832,19.2191,"2021-05-23","temperature","FCR"
"1021",2833,23.2553,"2021-05-24","temperature","FCR"
"1022",2834,21.5,"2021-05-25","temperature","FCR"
"1023",2835,21.9605,"2021-05-26","temperature","FCR"
"1024",2836,22.4322,"2021-05-27","temperature","FCR"
"1025",2837,23.1674,"2021-05-28","temperature","FCR"
"1026",2838,23.1288,"2021-05-29","temperature","FCR"
"1027",2839,22.5473,"2021-05-30","temperature","FCR"
"1028",2840,21.3264,"2021-05-31","temperature","FCR"
"1029",2841,19.6755,"2021-06-01","temperature","FCR"
"1030",2842,20.4661,"2021-06-02","temperature","FCR"
"1031",2843,20.6882,"2021-06-03","temperature","FCR"
"1032",2844,20.9751,"2021-06-04","temperature","FCR"
"1033",2845,20.2418,"2021-06-05","temperature","FCR"
"1034",2846,22.1661,"2021-06-06","temperature","FCR"
"1035",2847,21.8935,"2021-06-07","temperature","FCR"
"1036",2848,21.7186,"2021-06-08","temperature","FCR"
"1037",2849,23.3692,"2021-06-09","temperature","FCR"
"1038",2850,22.5212,"2021-06-10","temperature","FCR"
"1039",2851,21.6867,"2021-06-11","temperature","FCR"
"1040",2852,24.0067,"2021-06-12","temperature","FCR"
"1041",2853,22.133,"2021-06-13","temperature","FCR"
"1042",2854,25.3547,"2021-06-14","temperature","FCR"
"1043",2855,22.2727,"2021-06-15","temperature","FCR"
"1044",2856,23.4685,"2021-06-16","temperature","FCR"
"1045",2857,22.8616,"2021-06-17","temperature","FCR"
"1046",2858,21.6532,"2021-06-18","temperature","FCR"
"1047",2859,22.3715,"2021-06-22","temperature","FCR"
"1048",2860,23.1646,"2021-06-23","temperature","FCR"
"1049",2861,22.5447,"2021-06-24","temperature","FCR"
"1050",2862,22.2269,"2021-06-25","temperature","FCR"
"1051",2863,21.9664,"2021-06-26","temperature","FCR"
"1052",2864,22.537,"2021-06-27","temperature","FCR"
"1053",2865,22.5582,"2021-06-28","temperature","FCR"
"1054",2866,22.4952,"2021-06-29","temperature","FCR"
"1055",2867,23.943,"2021-06-30","temperature","FCR"
"1056",2868,23.1979,"2021-07-01","temperature","FCR"
"1057",2869,24.9164,"2021-07-02","temperature","FCR"
"1058",2870,24.3202,"2021-07-03","temperature","FCR"
"1059",2871,22.9205,"2021-07-04","temperature","FCR"
"1060",2872,23.3885,"2021-07-05","temperature","FCR"
"1061",2873,23.794,"2021-07-06","temperature","FCR"
"1062",2874,24.7997,"2021-07-07","temperature","FCR"
"1063",2875,24.8543,"2021-07-08","temperature","FCR"
"1064",2876,26.0532,"2021-07-09","temperature","FCR"
"1065",2877,24.6978,"2021-07-10","temperature","FCR"
"1066",2878,26.2397,"2021-07-11","temperature","FCR"
"1067",2879,25.7691,"2021-07-12","temperature","FCR"
"1068",2880,26.3816,"2021-07-13","temperature","FCR"
"1069",2881,26.7561,"2021-07-14","temperature","FCR"
"1070",2882,26.8001,"2021-07-15","temperature","FCR"
"1071",2883,26.698,"2021-07-16","temperature","FCR"
"1072",2884,26.6547,"2021-07-17","temperature","FCR"
"1073",2885,27.1902,"2021-07-18","temperature","FCR"
"1074",2886,27.0163,"2021-07-19","temperature","FCR"
"1075",2887,26.903,"2021-07-20","temperature","FCR"
"1076",2888,26.237,"2021-07-21","temperature","FCR"
"1077",2889,27.2142,"2021-07-27","temperature","FCR"
"1078",2890,26.4243,"2021-07-28","temperature","FCR"
"1079",2891,26.7171,"2021-07-29","temperature","FCR"
"1080",2892,27.1829,"2021-07-30","temperature","FCR"
"1081",2893,28.106,"2021-07-31","temperature","FCR"
"1082",2894,27.4993,"2021-08-01","temperature","FCR"
"1083",2895,27.411,"2021-08-02","temperature","FCR"
"1084",2896,26.2226,"2021-08-03","temperature","FCR"
"1085",2897,26.3734,"2021-08-04","temperature","FCR"
"1086",2898,26.1747,"2021-08-05","temperature","FCR"
"1087",2899,25.6436,"2021-08-06","temperature","FCR"
"1088",2900,26.7529,"2021-08-07","temperature","FCR"
"1089",2901,25.6515,"2021-08-08","temperature","FCR"
"1090",2902,25.3854,"2021-08-09","temperature","FCR"
"1091",2903,26.3488,"2021-08-10","temperature","FCR"
"1092",2904,26.3133,"2021-08-11","temperature","FCR"
"1093",2905,26.4607,"2021-08-12","temperature","FCR"
"1094",2906,26.4103,"2021-08-13","temperature","FCR"
"1095",2907,26.6781,"2021-08-14","temperature","FCR"
"1096",2908,26.2224,"2021-08-15","temperature","FCR"
"1097",2909,27.0443,"2021-08-16","temperature","FCR"
"1098",2910,26.1409,"2021-08-17","temperature","FCR"
"1099",2911,25.7056,"2021-08-18","temperature","FCR"
"1100",2912,25.4302,"2021-08-19","temperature","FCR"
"1101",2913,25.3097,"2021-08-20","temperature","FCR"
"1102",2914,26.3877,"2021-08-21","temperature","FCR"
"1103",2915,25.5625,"2021-08-22","temperature","FCR"
"1104",2916,25.4967,"2021-08-23","temperature","FCR"
"1105",2917,26.033,"2021-08-24","temperature","FCR"
"1106",2918,26.4917,"2021-08-25","temperature","FCR"
"1107",2919,27.672,"2021-08-26","temperature","FCR"
"1108",2920,27.9762,"2021-08-27","temperature","FCR"
"1109",2921,27.5152,"2021-08-28","temperature","FCR"
"1110",2922,27.5355,"2021-08-29","temperature","FCR"
"1111",2923,28.4404,"2021-08-30","temperature","FCR"
"1112",2924,27.4764,"2021-08-31","temperature","FCR"
"1113",2925,27.0227,"2021-09-01","temperature","FCR"
"1114",2926,26.0485,"2021-09-02","temperature","FCR"
"1115",2927,25.4556,"2021-09-03","temperature","FCR"
"1116",2928,24.4549,"2021-09-04","temperature","FCR"
"1117",2929,24.8588,"2021-09-05","temperature","FCR"
"1118",2930,24.5092,"2021-09-06","temperature","FCR"
"1119",2931,25.4519,"2021-09-07","temperature","FCR"
"1120",2932,25.0061,"2021-09-08","temperature","FCR"
"1121",2933,25.0068,"2021-09-09","temperature","FCR"
"1122",2934,24.4186,"2021-09-10","temperature","FCR"
"1123",2935,24.029,"2021-09-11","temperature","FCR"
"1124",2936,23.5381,"2021-09-12","temperature","FCR"
"1125",2937,23.156,"2021-09-13","temperature","FCR"
"1126",2938,23.3674,"2021-09-14","temperature","FCR"
"1127",2939,24.4603,"2021-09-15","temperature","FCR"
"1128",2940,24.053,"2021-09-16","temperature","FCR"
"1129",2941,23.89,"2021-09-17","temperature","FCR"
"1130",2942,23.969,"2021-09-18","temperature","FCR"
"1131",2943,23.8957,"2021-09-19","temperature","FCR"
"1132",2944,25.3522,"2021-09-20","temperature","FCR"
"1133",2945,24.5115,"2021-09-21","temperature","FCR"
"1134",2946,23.1891,"2021-09-22","temperature","FCR"
"1135",2947,22.3463,"2021-09-23","temperature","FCR"
"1136",2948,21.8758,"2021-09-24","temperature","FCR"
"1137",2949,21.2791,"2021-09-25","temperature","FCR"
"1138",2950,20.654,"2021-09-26","temperature","FCR"
"1139",2951,20.7797,"2021-09-27","temperature","FCR"
"1140",2952,19.983,"2021-09-28","temperature","FCR"
"1141",2953,20.1304,"2021-09-29","temperature","FCR"
"1142",2954,20.8757,"2021-09-30","temperature","FCR"
"1143",2955,20.7701,"2021-10-01","temperature","FCR"
"1144",2956,20.7399,"2021-10-02","temperature","FCR"
"1145",2957,20.456,"2021-10-03","temperature","FCR"
"1146",2958,20.9109,"2021-10-04","temperature","FCR"
"1147",2959,21.1518,"2021-10-05","temperature","FCR"
"1148",2960,21.5221,"2021-10-06","temperature","FCR"
"1149",2961,21.5879,"2021-10-07","temperature","FCR"
"1150",2962,21.1917,"2021-10-08","temperature","FCR"
"1151",2963,20.7587,"2021-10-09","temperature","FCR"
"1152",2964,20.4436,"2021-10-10","temperature","FCR"
"1153",2965,20.5169,"2021-10-11","temperature","FCR"
"1154",2966,20.0194,"2021-10-12","temperature","FCR"
"1155",2967,19.8672,"2021-10-13","temperature","FCR"
"1156",2968,20.3506,"2021-10-14","temperature","FCR"
"1157",2969,20.2853,"2021-10-15","temperature","FCR"
"1158",2970,20.5969,"2021-10-16","temperature","FCR"
"1159",2971,20.0414,"2021-10-17","temperature","FCR"
"1160",2972,18.6365,"2021-10-18","temperature","FCR"
"1161",2973,18.4098,"2021-10-19","temperature","FCR"
"1162",2974,18.0837,"2021-10-20","temperature","FCR"
"1163",2975,17.3947,"2021-10-21","temperature","FCR"
"1164",2976,17.1917,"2021-10-22","temperature","FCR"
"1165",2977,17.3487,"2021-10-23","temperature","FCR"
"1166",2978,17.152,"2021-10-24","temperature","FCR"
"1167",2979,16.9723,"2021-10-25","temperature","FCR"
"1168",2980,17.0132,"2021-10-26","temperature","FCR"
"1169",2981,16.5471,"2021-10-27","temperature","FCR"
"1170",2982,15.9139,"2021-10-28","temperature","FCR"
"1171",2983,15.2116,"2021-10-29","temperature","FCR"
"1172",2984,15.2484,"2021-10-30","temperature","FCR"
"1173",2985,15.1779,"2021-10-31","temperature","FCR"
"1174",2986,15.3197,"2021-11-01","temperature","FCR"
"1175",2987,15.0357,"2021-11-02","temperature","FCR"
"1176",2988,14.0163,"2021-11-03","temperature","FCR"
"1177",2989,13.614,"2021-11-04","temperature","FCR"
"1178",2990,12.7952,"2021-11-05","temperature","FCR"
"1179",2991,12.5484,"2021-11-06","temperature","FCR"
"1180",2992,12.2719,"2021-11-07","temperature","FCR"
"1181",2993,11.8703,"2021-11-08","temperature","FCR"
"1182",2994,11.9505,"2021-11-09","temperature","FCR"
"1183",2995,11.7765,"2021-11-10","temperature","FCR"
"1184",2996,12.1158,"2021-11-11","temperature","FCR"
"1185",2997,12.0197,"2021-11-12","temperature","FCR"
"1186",2998,12.2683,"2021-11-13","temperature","FCR"
"1187",2999,11.8066,"2021-11-14","temperature","FCR"
"1188",3000,10.9803,"2021-11-15","temperature","FCR"
"1189",3001,10.4579,"2021-11-16","temperature","FCR"
"1190",3002,10.177,"2021-11-17","temperature","FCR"
"1191",3003,10.386,"2021-11-18","temperature","FCR"
"1192",3004,10.7781,"2021-11-19","temperature","FCR"
"1193",3005,10.0869,"2021-11-20","temperature","FCR"
"1194",3006,9.4381,"2021-11-21","temperature","FCR"
"1195",3007,9.0534,"2021-11-22","temperature","FCR"
"1196",3008,8.9589,"2021-11-23","temperature","FCR"
"1197",3009,8.4845,"2021-11-24","temperature","FCR"
"1198",3010,7.8404,"2021-11-25","temperature","FCR"
"1199",3011,7.7217,"2021-11-26","temperature","FCR"
"1200",3012,7.6311,"2021-11-27","temperature","FCR"
"1201",3013,7.2804,"2021-11-28","temperature","FCR"
"1202",3014,6.9182,"2021-11-29","temperature","FCR"
"1203",3015,6.527,"2021-11-30","temperature","FCR"
"1204",3016,6.3179,"2021-12-01","temperature","FCR"
"1205",3017,6.2855,"2021-12-02","temperature","FCR"
"1206",3018,6.4701,"2021-12-03","temperature","FCR"
"1207",3019,7.6882,"2021-12-04","temperature","FCR"
"1208",3020,7.8154,"2021-12-05","temperature","FCR"
"1209",3021,7.135,"2021-12-06","temperature","FCR"
"1210",3022,7.4212,"2021-12-07","temperature","FCR"
"1211",3023,7.0968,"2021-12-08","temperature","FCR"
"1212",3024,6.8455,"2021-12-09","temperature","FCR"
"1213",3025,6.3521,"2021-12-10","temperature","FCR"
"1214",3026,6.3635,"2021-12-11","temperature","FCR"
"1215",3027,6.5714,"2021-12-12","temperature","FCR"
"1216",3028,6.5819,"2021-12-13","temperature","FCR"
"1217",3029,6.3912,"2021-12-14","temperature","FCR"
"1218",3030,6.1447,"2021-12-15","temperature","FCR"
"1219",3031,5.9459,"2021-12-16","temperature","FCR"
"1220",3032,6.367,"2021-12-17","temperature","FCR"
"1221",3033,6.506,"2021-12-18","temperature","FCR"
"1222",3034,6.4302,"2021-12-19","temperature","FCR"
"1223",3035,6.9895,"2021-12-20","temperature","FCR"
"1224",3036,6.2097,"2021-12-21","temperature","FCR"
"1225",3037,5.9694,"2021-12-22","temperature","FCR"
"1226",3038,5.7863,"2021-12-23","temperature","FCR"
"1227",3039,5.3255,"2021-12-24","temperature","FCR"
"1228",3040,5.3046,"2021-12-25","temperature","FCR"
"1229",3041,5.7858,"2021-12-26","temperature","FCR"
"1230",3042,7.2511,"2021-12-27","temperature","FCR"
"1231",3043,6.4461,"2021-12-28","temperature","FCR"
"1232",3044,7.5445,"2021-12-29","temperature","FCR"
"1233",3045,8.0251,"2021-12-30","temperature","FCR"
"1234",3046,7.3962,"2021-12-31","temperature","FCR"
"1235",3047,7.499,"2022-01-01","temperature","FCR"
"1236",3048,7.5637,"2022-01-02","temperature","FCR"
"1237",3049,9.706,"2022-01-03","temperature","FCR"
"1238",3050,7.9356,"2022-01-04","temperature","FCR"
"1239",3051,6.4861,"2022-01-05","temperature","FCR"
"1240",3052,6.3084,"2022-01-06","temperature","FCR"
"1241",3053,6.2451,"2022-01-07","temperature","FCR"
"1242",3054,5.6308,"2022-01-08","temperature","FCR"
"1243",3055,4.773,"2022-01-09","temperature","FCR"
"1244",3056,4.8391,"2022-01-10","temperature","FCR"
"1245",3057,4.49,"2022-01-11","temperature","FCR"
"1246",3058,3.5601,"2022-01-12","temperature","FCR"
"1247",3059,3.3982,"2022-01-13","temperature","FCR"
"1248",3060,3.4736,"2022-01-14","temperature","FCR"
"1249",3061,3.6179,"2022-01-15","temperature","FCR"
"1250",3062,3.5481,"2022-01-16","temperature","FCR"
"1251",3063,2.6623,"2022-01-17","temperature","FCR"
"1252",3064,3.0066,"2022-01-18","temperature","FCR"
"1253",3065,3.2629,"2022-01-19","temperature","FCR"
"1254",3066,3.3525,"2022-01-20","temperature","FCR"
"1255",3067,3.4002,"2022-01-21","temperature","FCR"
"1256",3068,3.5594,"2022-01-22","temperature","FCR"
"1257",3069,3.734,"2022-01-23","temperature","FCR"
"1258",3070,3.891,"2022-01-24","temperature","FCR"
"1259",3071,4.0238,"2022-01-25","temperature","FCR"
"1260",3072,4.1877,"2022-01-26","temperature","FCR"
"1261",3073,4.291,"2022-01-27","temperature","FCR"
"1262",3074,4.3223,"2022-01-28","temperature","FCR"
"1263",3075,4.2372,"2022-01-29","temperature","FCR"
"1264",3076,4.2485,"2022-01-30","temperature","FCR"
"1265",3077,4.2157,"2022-01-31","temperature","FCR"
"1266",3078,4.2084,"2022-02-01","temperature","FCR"
"1267",3079,4.2324,"2022-02-02","temperature","FCR"
"1268",3080,4.2445,"2022-02-03","temperature","FCR"
"1269",3081,4.1425,"2022-02-04","temperature","FCR"
"1270",3082,4.1568,"2022-02-05","temperature","FCR"
"1271",3083,4.5712,"2022-02-06","temperature","FCR"
"1272",3084,4.5245,"2022-02-07","temperature","FCR"
"1273",3085,4.2604,"2022-02-08","temperature","FCR"
"1274",3086,4.4798,"2022-02-09","temperature","FCR"
"1275",3087,4.3234,"2022-02-10","temperature","FCR"
"1276",3088,4.5155,"2022-02-11","temperature","FCR"
"1277",3089,4.6681,"2022-02-12","temperature","FCR"
"1278",3090,5.2075,"2022-02-13","temperature","FCR"
"1279",3091,5.0097,"2022-02-14","temperature","FCR"
"1280",3092,4.6558,"2022-02-15","temperature","FCR"
"1281",3093,4.3093,"2022-02-16","temperature","FCR"
"1282",3094,4.4598,"2022-02-17","temperature","FCR"
"1283",3095,4.8013,"2022-02-18","temperature","FCR"
"1284",3096,5.7598,"2022-02-19","temperature","FCR"
"1285",3097,5.3164,"2022-02-20","temperature","FCR"
"1286",3098,5.0033,"2022-02-21","temperature","FCR"
"1287",3099,5.2308,"2022-02-22","temperature","FCR"
"1288",3100,5.6072,"2022-02-23","temperature","FCR"
"1289",3101,8.7561,"2022-02-24","temperature","FCR"
"1290",3102,6.7756,"2022-02-25","temperature","FCR"
"1291",3103,7.4429,"2022-02-26","temperature","FCR"
"1292",3104,7.3494,"2022-02-27","temperature","FCR"
"1293",3105,7.1755,"2022-02-28","temperature","FCR"
"1294",3106,6.6127,"2022-03-01","temperature","FCR"
"1295",3107,6.6539,"2022-03-02","temperature","FCR"
"1296",3108,8.2897,"2022-03-03","temperature","FCR"
"1297",3109,9.9649,"2022-03-04","temperature","FCR"
"1298",3110,8.6201,"2022-03-05","temperature","FCR"
"1299",3111,9.1918,"2022-03-06","temperature","FCR"
"1300",3112,9.8634,"2022-03-07","temperature","FCR"
"1301",3113,10.7291,"2022-03-08","temperature","FCR"
"1302",3114,10.4462,"2022-03-09","temperature","FCR"
"1303",3115,10.7321,"2022-03-10","temperature","FCR"
"1304",3116,9.7588,"2022-03-11","temperature","FCR"
"1305",3117,10.0987,"2022-03-12","temperature","FCR"
"1306",3118,9.0402,"2022-03-13","temperature","FCR"
"1307",3119,7.8869,"2022-03-14","temperature","FCR"
"1308",3120,8.048,"2022-03-15","temperature","FCR"
"1309",3121,8.4172,"2022-03-16","temperature","FCR"
"1310",3122,9.1752,"2022-03-17","temperature","FCR"
"1311",3123,10.8642,"2022-03-18","temperature","FCR"
"1312",3124,10.7735,"2022-03-19","temperature","FCR"
"1313",3125,11.4262,"2022-03-20","temperature","FCR"
"1314",3126,11.5303,"2022-03-21","temperature","FCR"
"1315",3127,11.0797,"2022-03-22","temperature","FCR"
"1316",3128,11.0973,"2022-03-23","temperature","FCR"
"1317",3129,11.8994,"2022-03-24","temperature","FCR"
"1318",3130,11.9411,"2022-03-25","temperature","FCR"
"1319",3131,11.3275,"2022-03-26","temperature","FCR"
"1320",3132,10.452,"2022-03-27","temperature","FCR"
"1321",3133,10.4924,"2022-03-28","temperature","FCR"
"1322",3134,9.9285,"2022-03-29","temperature","FCR"
"1323",3135,8.9103,"2022-03-30","temperature","FCR"
"1324",3136,9.7426,"2022-03-31","temperature","FCR"
"1325",3137,10.5205,"2022-04-01","temperature","FCR"
"1326",3138,11.1446,"2022-04-02","temperature","FCR"
"1327",3139,10.8833,"2022-04-03","temperature","FCR"
"1328",3140,12.1017,"2022-04-04","temperature","FCR"
"1329",3141,11.5639,"2022-04-05","temperature","FCR"
"1330",3142,11.8835,"2022-04-06","temperature","FCR"
"1331",3143,13.0795,"2022-04-07","temperature","FCR"
"1332",3144,14.3296,"2022-04-08","temperature","FCR"
"1333",3145,12.8609,"2022-04-09","temperature","FCR"
"1334",3146,11.8683,"2022-04-10","temperature","FCR"
"1335",3147,11.7355,"2022-04-11","temperature","FCR"
"1336",3148,12.5198,"2022-04-12","temperature","FCR"
"1337",3149,13.5009,"2022-04-13","temperature","FCR"
"1338",3150,13.8289,"2022-04-14","temperature","FCR"
"1339",3151,15.7909,"2022-04-15","temperature","FCR"
"1340",3152,15.1897,"2022-04-16","temperature","FCR"
"1341",3153,15.6162,"2022-04-17","temperature","FCR"
"1342",3154,16.767,"2022-04-18","temperature","FCR"
"1343",3155,14.3221,"2022-04-19","temperature","FCR"
"1344",3156,13.3696,"2022-04-20","temperature","FCR"
"1345",3157,13.5877,"2022-04-21","temperature","FCR"
"1346",3158,13.5096,"2022-04-22","temperature","FCR"
"1347",3159,13.8792,"2022-04-23","temperature","FCR"
"1348",3160,16.5683,"2022-04-24","temperature","FCR"
"1349",3161,18.954,"2022-04-25","temperature","FCR"
"1350",3162,19.5606,"2022-04-26","temperature","FCR"
"1351",3163,19.9697,"2022-04-27","temperature","FCR"
"1352",3164,17.5881,"2022-04-28","temperature","FCR"
"1353",3165,17.2456,"2022-04-29","temperature","FCR"
"1354",3166,16.2625,"2022-04-30","temperature","FCR"
"1355",3167,15.7398,"2022-05-01","temperature","FCR"
"1356",3168,15.6462,"2022-05-02","temperature","FCR"
"1357",3169,18.251,"2022-05-03","temperature","FCR"
"1358",3170,18.6239,"2022-05-04","temperature","FCR"
"1359",3171,22.194,"2022-05-05","temperature","FCR"
"1360",3172,19.199,"2022-05-06","temperature","FCR"
"1361",3173,18.9522,"2022-05-07","temperature","FCR"
"1362",3174,17.6708,"2022-05-08","temperature","FCR"
"1363",3175,16.5225,"2022-05-09","temperature","FCR"
"1364",3176,17.6157,"2022-05-10","temperature","FCR"
"1365",3177,17.7812,"2022-05-11","temperature","FCR"
"1366",3178,18.4803,"2022-05-12","temperature","FCR"
"1367",3179,18.6815,"2022-05-13","temperature","FCR"
"1368",3180,19.306,"2022-05-14","temperature","FCR"
"1369",3181,19.5391,"2022-05-15","temperature","FCR"
"1370",3182,20.3467,"2022-05-16","temperature","FCR"
"1371",3183,22.016,"2022-05-17","temperature","FCR"
"1372",3184,21.4984,"2022-05-18","temperature","FCR"
"1373",3185,21.8982,"2022-05-19","temperature","FCR"
"1374",3186,22.4465,"2022-05-20","temperature","FCR"
"1375",3187,22.213,"2022-05-21","temperature","FCR"
"1376",3188,22.1678,"2022-05-22","temperature","FCR"
"1377",3189,23.0299,"2022-05-23","temperature","FCR"
"1378",3190,22.7085,"2022-05-24","temperature","FCR"
"1379",3191,20.2992,"2022-05-25","temperature","FCR"
"1380",3192,19.2507,"2022-05-26","temperature","FCR"
"1381",3193,18.561,"2022-05-27","temperature","FCR"
"1382",3194,20.1446,"2022-05-28","temperature","FCR"
"1383",3195,17.8337,"2022-05-29","temperature","FCR"
"1384",3196,19.1901,"2022-05-30","temperature","FCR"
"1385",3197,19.7767,"2022-05-31","temperature","FCR"
"1386",3198,21.1171,"2022-06-01","temperature","FCR"
"1387",3199,20.9487,"2022-06-02","temperature","FCR"
"1388",3200,21.3453,"2022-06-03","temperature","FCR"
"1389",3201,20.824,"2022-06-04","temperature","FCR"
"1390",3202,20.7411,"2022-06-05","temperature","FCR"
"1391",3203,21.6248,"2022-06-06","temperature","FCR"
"1392",3204,21.5135,"2022-06-07","temperature","FCR"
"1393",3205,21.3206,"2022-06-08","temperature","FCR"
"1394",3206,21.5699,"2022-06-09","temperature","FCR"
"1395",3207,23.5602,"2022-06-10","temperature","FCR"
"1396",3208,21.6139,"2022-06-11","temperature","FCR"
"1397",3209,22.4788,"2022-06-12","temperature","FCR"
"1398",3210,22.3252,"2022-06-13","temperature","FCR"
"1399",3211,22.2661,"2022-06-14","temperature","FCR"
"1400",3212,23.0369,"2022-06-15","temperature","FCR"
"1401",3213,23.622,"2022-06-16","temperature","FCR"
"1402",3214,23.5935,"2022-06-17","temperature","FCR"
"1403",3215,24.4511,"2022-06-18","temperature","FCR"
"1404",3216,24.8509,"2022-06-19","temperature","FCR"
"1405",3217,23.2331,"2022-06-20","temperature","FCR"
"1406",3218,21.5639,"2022-06-21","temperature","FCR"
"1407",3219,21.4781,"2022-06-22","temperature","FCR"
"1408",3220,21.2005,"2022-06-23","temperature","FCR"
"1409",3221,22.6946,"2022-06-24","temperature","FCR"
"1410",3222,24.0975,"2022-06-25","temperature","FCR"
"1411",3223,24.4753,"2022-06-26","temperature","FCR"
"1412",3224,24.1536,"2022-06-27","temperature","FCR"
"1413",3225,24.4426,"2022-06-28","temperature","FCR"
"1414",3226,23.7765,"2022-06-29","temperature","FCR"
"1415",3227,23.7981,"2022-06-30","temperature","FCR"
"1416",3228,24.4806,"2022-07-01","temperature","FCR"
"1417",3229,24.8054,"2022-07-02","temperature","FCR"
"1418",3230,23.6238,"2022-07-03","temperature","FCR"
"1419",3231,23.9316,"2022-07-04","temperature","FCR"
"1420",3232,25.413,"2022-07-05","temperature","FCR"
"1421",3233,24.7807,"2022-07-06","temperature","FCR"
"1422",3234,26.3762,"2022-07-07","temperature","FCR"
"1423",3235,25.9424,"2022-07-08","temperature","FCR"
"1424",3236,25.5749,"2022-07-09","temperature","FCR"
"1425",3237,27.2069,"2022-07-10","temperature","FCR"
"1426",3238,24.8427,"2022-07-11","temperature","FCR"
"1427",3239,23.8708,"2022-07-12","temperature","FCR"
"1428",3240,25.873,"2022-07-13","temperature","FCR"
"1429",3241,24.4266,"2022-07-14","temperature","FCR"
"1430",3242,24.6467,"2022-07-15","temperature","FCR"
"1431",3243,25.4949,"2022-07-16","temperature","FCR"
"1432",3244,25.6063,"2022-07-17","temperature","FCR"
"1433",3245,26.1325,"2022-07-18","temperature","FCR"
"1434",3246,27.2896,"2022-07-19","temperature","FCR"
"1435",3247,26.1613,"2022-07-20","temperature","FCR"
"1436",3248,26.8327,"2022-07-21","temperature","FCR"
"1437",3249,27.5208,"2022-07-22","temperature","FCR"
"1438",3250,27.5932,"2022-07-23","temperature","FCR"
"1439",3251,29.1649,"2022-07-24","temperature","FCR"
"1440",3252,27.3097,"2022-07-25","temperature","FCR"
"1441",3253,28.597,"2022-07-26","temperature","FCR"
"1442",3254,27.8165,"2022-07-27","temperature","FCR"
"1443",3255,26.8894,"2022-07-28","temperature","FCR"
"1444",3256,26.3135,"2022-07-29","temperature","FCR"
"1445",3257,26.4325,"2022-07-30","temperature","FCR"
"1446",3258,26.6876,"2022-07-31","temperature","FCR"
"1447",3259,26.6707,"2022-08-01","temperature","FCR"
"1448",3260,26.5837,"2022-08-02","temperature","FCR"
"1449",3261,26.5412,"2022-08-03","temperature","FCR"
"1450",3262,27.9612,"2022-08-04","temperature","FCR"
"1451",3263,27.5511,"2022-08-05","temperature","FCR"
"1452",3264,27.8683,"2022-08-06","temperature","FCR"
"1453",3265,26.6455,"2022-08-07","temperature","FCR"
"1454",3266,27.1174,"2022-08-08","temperature","FCR"
"1455",3267,26.8948,"2022-08-09","temperature","FCR"
"1456",3268,27.8269,"2022-08-10","temperature","FCR"
"1457",3269,26.7447,"2022-08-11","temperature","FCR"
"1458",3270,26.704,"2022-08-12","temperature","FCR"
"1459",3271,26.0687,"2022-08-13","temperature","FCR"
"1460",3272,25.7849,"2022-08-14","temperature","FCR"
"1461",3273,24.8922,"2022-08-15","temperature","FCR"
"1462",3274,23.6604,"2022-08-16","temperature","FCR"
"1463",3275,22.9534,"2022-08-17","temperature","FCR"
"1464",3276,22.9132,"2022-08-18","temperature","FCR"
"1465",3277,23.0587,"2022-08-19","temperature","FCR"
"1466",3278,24.5334,"2022-08-20","temperature","FCR"
"1467",3279,24.5722,"2022-08-21","temperature","FCR"
"1468",3280,24.5149,"2022-08-22","temperature","FCR"
"1469",3281,24.6109,"2022-08-23","temperature","FCR"
"1470",3282,24.514,"2022-08-24","temperature","FCR"
"1471",3283,24.6095,"2022-08-25","temperature","FCR"
"1472",3284,25.2274,"2022-08-26","temperature","FCR"
"1473",3285,24.9745,"2022-08-27","temperature","FCR"
"1474",3286,25.4184,"2022-08-28","temperature","FCR"
"1475",3287,26.5184,"2022-08-29","temperature","FCR"
"1476",3288,26.7036,"2022-08-30","temperature","FCR"
"1477",3289,26.9177,"2022-08-31","temperature","FCR"
"1478",3290,26.7528,"2022-09-01","temperature","FCR"
"1479",3291,25.5112,"2022-09-02","temperature","FCR"
"1480",3292,26.3775,"2022-09-03","temperature","FCR"
"1481",3293,26.1569,"2022-09-04","temperature","FCR"
"1482",3294,25.7531,"2022-09-05","temperature","FCR"
"1483",3295,25.1293,"2022-09-06","temperature","FCR"
"1484",3296,25.1049,"2022-09-07","temperature","FCR"
"1485",3297,26.1291,"2022-09-08","temperature","FCR"
"1486",3298,24.8379,"2022-09-09","temperature","FCR"
"1487",3299,24.7219,"2022-09-10","temperature","FCR"
"1488",3300,23.699,"2022-09-11","temperature","FCR"
"1489",3301,23.3622,"2022-09-12","temperature","FCR"
"1490",3302,24.3072,"2022-09-13","temperature","FCR"
"1491",3303,23.7115,"2022-09-14","temperature","FCR"
"1492",3304,22.9323,"2022-09-15","temperature","FCR"
"1493",3305,22.7698,"2022-09-16","temperature","FCR"
"1494",3306,22.6888,"2022-09-17","temperature","FCR"
"1495",3307,23.3672,"2022-09-18","temperature","FCR"
"1496",3308,22.8599,"2022-09-19","temperature","FCR"
"1497",3309,24.0565,"2022-09-20","temperature","FCR"
"1498",3310,23.0959,"2022-09-21","temperature","FCR"
"1499",3311,23.7135,"2022-09-22","temperature","FCR"
"1500",3312,23.4402,"2022-09-23","temperature","FCR"
"1501",3313,21.7446,"2022-09-24","temperature","FCR"
"1502",3314,21.0709,"2022-09-25","temperature","FCR"
"1503",3315,20.5592,"2022-09-26","temperature","FCR"
"1504",3316,20.2904,"2022-09-27","temperature","FCR"
"1505",3317,20.4729,"2022-09-28","temperature","FCR"
"1506",3318,19.6039,"2022-09-29","temperature","FCR"
"1507",3319,18.8237,"2022-09-30","temperature","FCR"
"1508",3320,17.2,"2022-10-01","temperature","FCR"
"1509",3321,15.994,"2022-10-02","temperature","FCR"
"1510",3322,15.3917,"2022-10-03","temperature","FCR"
"1511",3323,16.1572,"2022-10-04","temperature","FCR"
"1512",3324,15.7079,"2022-10-05","temperature","FCR"
"1513",3325,15.8857,"2022-10-06","temperature","FCR"
"1514",3326,17.1807,"2022-10-07","temperature","FCR"
"1515",3327,16.9807,"2022-10-08","temperature","FCR"
"1516",3328,16.1387,"2022-10-09","temperature","FCR"
"1517",3329,15.4429,"2022-10-10","temperature","FCR"
"1518",3330,15.4007,"2022-10-11","temperature","FCR"
"1519",3331,14.9747,"2022-10-12","temperature","FCR"
"1520",3332,14.6969,"2022-10-13","temperature","FCR"
"1521",3333,15.6378,"2022-10-14","temperature","FCR"
"1522",3334,15.316,"2022-10-15","temperature","FCR"
"1523",3335,15.3329,"2022-10-16","temperature","FCR"
"1524",3336,15.3113,"2022-10-17","temperature","FCR"
"1525",3337,15.2879,"2022-10-18","temperature","FCR"
"1526",3338,14.0579,"2022-10-19","temperature","FCR"
"1527",3339,13.0766,"2022-10-20","temperature","FCR"
"1528",3340,12.5283,"2022-10-21","temperature","FCR"
"1529",3341,12.5564,"2022-10-22","temperature","FCR"
"1530",3342,12.7774,"2022-10-23","temperature","FCR"
"1531",3343,13.4739,"2022-10-24","temperature","FCR"
"1532",3344,12.5263,"2022-10-25","temperature","FCR"
"1533",3345,13.517,"2022-10-26","temperature","FCR"
"1534",3346,13.8525,"2022-10-27","temperature","FCR"
"1535",3347,13.896,"2022-10-28","temperature","FCR"
"1536",3348,13.0468,"2022-10-29","temperature","FCR"
"1537",3349,13.4718,"2022-10-30","temperature","FCR"
"1538",3350,13.0045,"2022-10-31","temperature","FCR"
"1539",3351,12.9742,"2022-11-01","temperature","FCR"
"1540",3352,13.796,"2022-11-02","temperature","FCR"
"1541",3353,13.301,"2022-11-03","temperature","FCR"
"1542",3354,14.3784,"2022-11-04","temperature","FCR"
"1543",3355,14.3001,"2022-11-05","temperature","FCR"
"1544",3356,14.1861,"2022-11-06","temperature","FCR"
"1545",3357,15.2428,"2022-11-07","temperature","FCR"
"1546",3358,16.9989,"2022-11-08","temperature","FCR"
"1547",3359,15.5689,"2022-11-09","temperature","FCR"
"1548",3360,14.3872,"2022-11-10","temperature","FCR"
"1549",3361,14.3028,"2022-11-11","temperature","FCR"
"1550",3362,14.2283,"2022-11-12","temperature","FCR"
"1551",3363,14.6722,"2022-11-13","temperature","FCR"
"1552",3364,13.1526,"2022-11-14","temperature","FCR"
"1553",3365,11.8136,"2022-11-15","temperature","FCR"
"1554",3366,11.158,"2022-11-16","temperature","FCR"
"1555",3367,10.9084,"2022-11-17","temperature","FCR"
"1556",3368,10.2091,"2022-11-18","temperature","FCR"
"1557",3369,9.2838,"2022-11-19","temperature","FCR"
"1558",3370,8.7847,"2022-11-20","temperature","FCR"
"1559",3371,8.0546,"2022-11-21","temperature","FCR"
"1560",3372,7.4941,"2022-11-22","temperature","FCR"
"1561",3373,7.6184,"2022-11-23","temperature","FCR"
"1562",3374,7.5272,"2022-11-24","temperature","FCR"
"1563",3375,7.073,"2022-11-25","temperature","FCR"
"1564",3376,7.6665,"2022-11-26","temperature","FCR"
"1565",3377,7.5725,"2022-11-27","temperature","FCR"
"1566",3378,7.4469,"2022-11-28","temperature","FCR"
"1567",3379,7.8019,"2022-11-29","temperature","FCR"
"1568",3380,7.4806,"2022-11-30","temperature","FCR"
"1569",3381,7.6367,"2022-12-01","temperature","FCR"
"1570",3382,7.1632,"2022-12-02","temperature","FCR"
"1571",3383,6.6681,"2022-12-03","temperature","FCR"
"1572",3384,6.8257,"2022-12-04","temperature","FCR"
"1573",3385,6.6206,"2022-12-05","temperature","FCR"
"1574",3386,6.2524,"2022-12-06","temperature","FCR"
"1575",3387,6.2346,"2022-12-07","temperature","FCR"
"1576",3388,7.488,"2022-12-08","temperature","FCR"
"1577",3389,6.4883,"2022-12-09","temperature","FCR"
"1578",3390,7.1006,"2022-12-10","temperature","FCR"
"1579",3391,6.8997,"2022-12-11","temperature","FCR"
"1580",3392,7.1967,"2022-12-12","temperature","FCR"
"1581",3393,6.7912,"2022-12-13","temperature","FCR"
"1582",3394,6.5062,"2022-12-14","temperature","FCR"
"1583",3395,6.2637,"2022-12-15","temperature","FCR"
"1584",3396,5.9905,"2022-12-16","temperature","FCR"
"1585",3397,5.7949,"2022-12-17","temperature","FCR"
"1586",3398,5.4934,"2022-12-18","temperature","FCR"
"1587",3399,5.2249,"2022-12-19","temperature","FCR"
"1588",3400,4.8322,"2022-12-20","temperature","FCR"
"1589",3401,4.4673,"2022-12-21","temperature","FCR"
"1590",3402,4.2757,"2022-12-22","temperature","FCR"
"1591",3403,4.243,"2022-12-23","temperature","FCR"
"1592",3404,3.6996,"2022-12-24","temperature","FCR"
"1593",3405,2.5171,"2022-12-25","temperature","FCR"
"1594",3406,2.1536,"2022-12-26","temperature","FCR"
"1595",3407,2.3733,"2022-12-27","temperature","FCR"
"1596",3408,2.3829,"2022-12-28","temperature","FCR"
"1597",3409,2.7609,"2022-12-29","temperature","FCR"
"1598",3410,3.0224,"2022-12-30","temperature","FCR"
"1599",3411,3.3855,"2022-12-31","temperature","FCR"
"1600",3412,3.4232,"2023-01-01","temperature","FCR"
"1601",3413,3.7384,"2023-01-02","temperature","FCR"
"1602",3414,4.0116,"2023-01-03","temperature","FCR"
"1603",3415,4.3516,"2023-01-04","temperature","FCR"
"1604",3416,5.2224,"2023-01-05","temperature","FCR"
"1605",3417,4.8219,"2023-01-06","temperature","FCR"
"1606",3418,5.2585,"2023-01-07","temperature","FCR"
"1607",3419,4.92,"2023-01-08","temperature","FCR"
"1608",3420,4.735,"2023-01-09","temperature","FCR"
"1609",3421,4.7222,"2023-01-10","temperature","FCR"
"1610",3422,4.5491,"2023-01-11","temperature","FCR"
"1611",3423,4.3463,"2023-01-12","temperature","FCR"
"1612",3424,4.4256,"2023-01-13","temperature","FCR"
"1613",3425,4.789,"2023-01-14","temperature","FCR"
"1614",3426,4.1724,"2023-01-15","temperature","FCR"
"1615",3427,3.4132,"2023-01-16","temperature","FCR"
"1616",3428,3.3019,"2023-01-17","temperature","FCR"
"1617",3429,3.5147,"2023-01-18","temperature","FCR"
"1618",3430,3.8376,"2023-01-19","temperature","FCR"
"1619",3431,4.5492,"2023-01-20","temperature","FCR"
"1620",3432,4.3552,"2023-01-21","temperature","FCR"
"1621",3433,4.4476,"2023-01-22","temperature","FCR"
"1622",3434,4.2122,"2023-01-23","temperature","FCR"
"1623",3435,4.2111,"2023-01-24","temperature","FCR"
"1624",3436,4.1131,"2023-01-25","temperature","FCR"
"1625",3437,4.0463,"2023-01-26","temperature","FCR"
"1626",3438,3.9993,"2023-01-27","temperature","FCR"
"1627",3439,3.9891,"2023-01-28","temperature","FCR"
"1628",3440,3.9327,"2023-01-29","temperature","FCR"
"1629",3441,3.9851,"2023-01-30","temperature","FCR"
"1630",3442,4.8398,"2023-01-31","temperature","FCR"
"1631",3443,5.0343,"2023-02-01","temperature","FCR"
"1632",3444,4.9437,"2023-02-02","temperature","FCR"
"1633",3445,4.7717,"2023-02-03","temperature","FCR"
"1634",3446,4.6597,"2023-02-04","temperature","FCR"
"1635",3447,4.1114,"2023-02-05","temperature","FCR"
"1636",3448,4.1612,"2023-02-06","temperature","FCR"
"1637",3449,4.5887,"2023-02-07","temperature","FCR"
"1638",3450,4.5657,"2023-02-08","temperature","FCR"
"1639",3451,5.6041,"2023-02-09","temperature","FCR"
"1640",3452,5.443,"2023-02-10","temperature","FCR"
"1641",3453,6.6023,"2023-02-11","temperature","FCR"
"1642",3454,6.5246,"2023-02-12","temperature","FCR"
"1643",3455,5.8863,"2023-02-13","temperature","FCR"
"1644",3456,5.5741,"2023-02-14","temperature","FCR"
"1645",3457,5.5404,"2023-02-15","temperature","FCR"
"1646",3458,6.3458,"2023-02-16","temperature","FCR"
"1647",3459,7.2988,"2023-02-17","temperature","FCR"
"1648",3460,8.3877,"2023-02-18","temperature","FCR"
"1649",3461,7.4193,"2023-02-19","temperature","FCR"
"1650",3462,6.961,"2023-02-20","temperature","FCR"
"1651",3463,7.2492,"2023-02-21","temperature","FCR"
"1652",3464,7.4545,"2023-02-22","temperature","FCR"
"1653",3465,8.1848,"2023-02-23","temperature","FCR"
"1654",3466,9.918,"2023-02-24","temperature","FCR"
"1655",3467,10.1478,"2023-02-25","temperature","FCR"
"1656",3468,8.638,"2023-02-26","temperature","FCR"
"1657",3469,8.9857,"2023-02-27","temperature","FCR"
"1658",3470,8.811,"2023-02-28","temperature","FCR"
"1659",3471,10.4849,"2023-03-01","temperature","FCR"
"1660",3472,9.4575,"2023-03-02","temperature","FCR"
"1661",3473,10.5626,"2023-03-03","temperature","FCR"
"1662",3474,9.72,"2023-03-04","temperature","FCR"
"1663",3475,9.6323,"2023-03-05","temperature","FCR"
"1664",3476,10.4868,"2023-03-06","temperature","FCR"
"1665",3477,9.7417,"2023-03-07","temperature","FCR"
"1666",3478,10.7102,"2023-03-08","temperature","FCR"
"1667",3479,10.0611,"2023-03-09","temperature","FCR"
"1668",3480,10.0658,"2023-03-10","temperature","FCR"
"1669",3481,9.0994,"2023-03-11","temperature","FCR"
"1670",3482,8.9593,"2023-03-12","temperature","FCR"
"1671",3483,8.154,"2023-03-13","temperature","FCR"
"1672",3484,8.2564,"2023-03-14","temperature","FCR"
"1673",3485,7.8014,"2023-03-15","temperature","FCR"
"1674",3486,7.724,"2023-03-16","temperature","FCR"
"1675",3487,7.095,"2023-03-17","temperature","FCR"
"1676",3488,7.7767,"2023-03-18","temperature","FCR"
"1677",3489,7.5081,"2023-03-19","temperature","FCR"
"1678",3490,8.0037,"2023-03-20","temperature","FCR"
"1679",3491,8.8288,"2023-03-21","temperature","FCR"
"1680",3492,7.6508,"2023-03-22","temperature","FCR"
"1681",3493,8.0433,"2023-03-23","temperature","FCR"
"1682",3494,9.0828,"2023-03-24","temperature","FCR"
"1683",3495,12.0708,"2023-03-25","temperature","FCR"
"1684",3496,10.5034,"2023-03-26","temperature","FCR"
"1685",3497,11.863,"2023-03-27","temperature","FCR"
"1686",3498,13.1916,"2023-03-28","temperature","FCR"
"1687",3499,12.5379,"2023-03-29","temperature","FCR"
"1688",3500,11.9522,"2023-03-30","temperature","FCR"
"1689",3501,12.309,"2023-03-31","temperature","FCR"
"1690",3502,12.0749,"2023-04-01","temperature","FCR"
"1691",3503,12.5044,"2023-04-02","temperature","FCR"
"1692",3504,13.1788,"2023-04-03","temperature","FCR"
"1693",3505,12.4665,"2023-04-04","temperature","FCR"
"1694",3506,13.6257,"2023-04-05","temperature","FCR"
"1695",3507,15.2193,"2023-04-06","temperature","FCR"
"1696",3508,17.8432,"2023-04-07","temperature","FCR"
"1697",3509,15.1556,"2023-04-08","temperature","FCR"
"1698",3510,14.0582,"2023-04-09","temperature","FCR"
"1699",3511,14.4548,"2023-04-10","temperature","FCR"
"1700",3512,14.0631,"2023-04-11","temperature","FCR"
"1701",3513,14.4351,"2023-04-12","temperature","FCR"
"1702",3514,15.2767,"2023-04-13","temperature","FCR"
"1703",3515,16.2984,"2023-04-14","temperature","FCR"
"1704",3516,16.3102,"2023-04-15","temperature","FCR"
"1705",3517,16.4636,"2023-04-16","temperature","FCR"
"1706",3518,17.5528,"2023-04-17","temperature","FCR"
"1707",3519,16.7212,"2023-04-18","temperature","FCR"
"1708",3520,16.0805,"2023-04-19","temperature","FCR"
"1709",3521,18.1405,"2023-04-20","temperature","FCR"
"1710",3522,17.5357,"2023-04-21","temperature","FCR"
"1711",3523,19.0549,"2023-04-22","temperature","FCR"
"1712",3524,18.271,"2023-04-23","temperature","FCR"
"1713",3525,17.4465,"2023-04-24","temperature","FCR"
"1714",3526,17.2059,"2023-04-25","temperature","FCR"
"1715",3527,16.0751,"2023-04-26","temperature","FCR"
"1716",3528,15.6547,"2023-04-27","temperature","FCR"
"1717",3529,15.7278,"2023-04-28","temperature","FCR"
"1718",3530,15.8137,"2023-04-29","temperature","FCR"
"1719",3531,16.7942,"2023-04-30","temperature","FCR"
"1720",3532,17.5427,"2023-05-01","temperature","FCR"
"1721",3533,14.8518,"2023-05-02","temperature","FCR"
"1722",3534,14.6235,"2023-05-03","temperature","FCR"
"1723",3535,14.5878,"2023-05-04","temperature","FCR"
"1724",3536,15.3073,"2023-05-05","temperature","FCR"
"1725",3537,15.5586,"2023-05-06","temperature","FCR"
"1726",3538,16.4955,"2023-05-07","temperature","FCR"
"1727",3539,16.6719,"2023-05-08","temperature","FCR"
"1728",3540,17.0093,"2023-05-09","temperature","FCR"
"1729",3541,22.0054,"2023-05-10","temperature","FCR"
"1730",3542,19.9151,"2023-05-11","temperature","FCR"
"1731",3543,20.722,"2023-05-12","temperature","FCR"
"1732",3544,21.0231,"2023-05-13","temperature","FCR"
"1733",3545,21.3556,"2023-05-14","temperature","FCR"
"1734",3546,22.2583,"2023-05-15","temperature","FCR"
"1735",3547,21.3291,"2023-05-16","temperature","FCR"
"1736",3548,20.8857,"2023-05-17","temperature","FCR"
"1737",3549,21.9367,"2023-05-18","temperature","FCR"
"1738",3550,20.7162,"2023-05-19","temperature","FCR"
"1739",3551,20.1469,"2023-05-20","temperature","FCR"
"1740",3552,22.3833,"2023-05-21","temperature","FCR"
"1741",3553,20.9805,"2023-05-22","temperature","FCR"
"1742",3554,21.7934,"2023-05-23","temperature","FCR"
"1743",3555,22.3763,"2023-05-24","temperature","FCR"
"1744",3556,21.0959,"2023-05-25","temperature","FCR"
"1745",3557,20.5288,"2023-05-26","temperature","FCR"
"1746",3558,21.5414,"2023-05-27","temperature","FCR"
"1747",3559,20.335,"2023-05-28","temperature","FCR"
"1748",3560,19.2343,"2023-05-29","temperature","FCR"
"1749",3561,19.1244,"2023-05-30","temperature","FCR"
"1750",3562,19.1573,"2023-05-31","temperature","FCR"
"1751",3563,19.1075,"2023-06-01","temperature","FCR"
"1752",3564,19.5639,"2023-06-02","temperature","FCR"
"1753",3565,19.6671,"2023-06-03","temperature","FCR"
"1754",3566,21.9696,"2023-06-04","temperature","FCR"
"1755",3567,21.7065,"2023-06-05","temperature","FCR"
"1756",3568,20.6214,"2023-06-06","temperature","FCR"
"1757",3569,20.7136,"2023-06-07","temperature","FCR"
"1758",3570,21.2181,"2023-06-08","temperature","FCR"
"1759",3571,21.6227,"2023-06-09","temperature","FCR"
"1760",3572,19.7711,"2023-06-10","temperature","FCR"
"1761",3573,20.648,"2023-06-11","temperature","FCR"
"1762",3574,20.8401,"2023-06-12","temperature","FCR"
"1763",3575,23.058,"2023-06-13","temperature","FCR"
"1764",3576,21.5572,"2023-06-14","temperature","FCR"
"1765",3577,20.9804,"2023-06-15","temperature","FCR"
"1766",3578,20.4222,"2023-06-16","temperature","FCR"
"1767",3579,23.7048,"2023-06-17","temperature","FCR"
"1768",3580,21.2568,"2023-06-18","temperature","FCR"
"1769",3581,21.7449,"2023-06-19","temperature","FCR"
"1770",3582,21.6996,"2023-06-20","temperature","FCR"
"1771",3583,22.0264,"2023-06-21","temperature","FCR"
"1772",3584,20.5605,"2023-06-22","temperature","FCR"
"1773",3585,19.6831,"2023-06-23","temperature","FCR"
"1774",3586,19.3202,"2023-06-24","temperature","FCR"
"1775",3587,19.0126,"2023-06-25","temperature","FCR"
"1776",3588,20.0603,"2023-06-26","temperature","FCR"
"1777",3589,19.9336,"2023-06-27","temperature","FCR"
"1778",3590,21.6325,"2023-06-28","temperature","FCR"
"1779",3591,19.7493,"2023-06-29","temperature","FCR"
"1780",3592,22.3165,"2023-06-30","temperature","FCR"
"1781",3593,22.1148,"2023-07-01","temperature","FCR"
"1782",3594,21.7435,"2023-07-02","temperature","FCR"
"1783",3595,21.9721,"2023-07-03","temperature","FCR"
"1784",3596,23.0773,"2023-07-04","temperature","FCR"
"1785",3597,21.5478,"2023-07-05","temperature","FCR"
"1786",3598,22.4785,"2023-07-06","temperature","FCR"
"1787",3599,23.1578,"2023-07-07","temperature","FCR"
"1788",3600,23.3941,"2023-07-08","temperature","FCR"
"1789",3601,24.5413,"2023-07-09","temperature","FCR"
"1790",3602,23.1329,"2023-07-10","temperature","FCR"
"1791",3603,23.6814,"2023-07-11","temperature","FCR"
"1792",3604,24.1944,"2023-07-12","temperature","FCR"
"1793",3605,24.5246,"2023-07-13","temperature","FCR"
"1794",3606,26.1574,"2023-07-14","temperature","FCR"
"1795",3607,25.3966,"2023-07-15","temperature","FCR"
